Anz.,Datum Zeit,Temp
1,07.08.19 11:16:28 AM,25.222
2,07.08.19 11:16:31 AM,
3,07.08.19 11:31:28 AM,25.416
4,07.08.19 11:46:28 AM,25.416
5,07.08.19 12:01:28 PM,25.416
6,07.08.19 12:16:28 PM,28.555
7,07.08.19 12:31:28 PM,41.341
8,07.08.19 12:46:28 PM,32.188
9,07.08.19 01:01:28 PM,30.659
10,07.08.19 01:16:28 PM,33.639
11,07.08.19 01:31:28 PM,35.435
12,07.08.19 01:46:28 PM,31.064
13,07.08.19 02:01:28 PM,36.403
14,07.08.19 02:16:28 PM,41.108
15,07.08.19 02:31:28 PM,40.071
16,07.08.19 02:46:28 PM,40.3
17,07.08.19 03:01:28 PM,42.998
18,07.08.19 03:16:28 PM,42.878
19,07.08.19 03:31:28 PM,37.604
20,07.08.19 03:46:28 PM,33.535
21,07.08.19 04:01:28 PM,34.903
22,07.08.19 04:16:28 PM,31.676
23,07.08.19 04:31:28 PM,28.655
24,07.08.19 04:46:28 PM,27.468
25,07.08.19 05:01:28 PM,27.862
26,07.08.19 05:16:28 PM,29.953
27,07.08.19 05:31:28 PM,33.326
28,07.08.19 05:46:28 PM,28.555
29,07.08.19 06:01:28 PM,30.558
30,07.08.19 06:16:28 PM,28.853
31,07.08.19 06:31:28 PM,28.159
32,07.08.19 06:46:28 PM,27.075
33,07.08.19 07:01:28 PM,26.683
34,07.08.19 07:16:28 PM,26.879
35,07.08.19 07:31:28 PM,22.621
36,07.08.19 07:46:28 PM,20.71
37,07.08.19 08:01:28 PM,19.853
38,07.08.19 08:16:28 PM,19.092
39,07.08.19 08:31:28 PM,18.616
40,07.08.19 08:46:28 PM,18.236
41,07.08.19 09:01:28 PM,17.855
42,07.08.19 09:16:28 PM,17.284
43,07.08.19 09:31:28 PM,16.808
44,07.08.19 09:46:28 PM,16.332
45,07.08.19 10:01:28 PM,15.951
46,07.08.19 10:16:28 PM,15.569
47,07.08.19 10:31:28 PM,15.187
48,07.08.19 10:46:28 PM,14.804
49,07.08.19 11:01:28 PM,14.421
50,07.08.19 11:16:28 PM,14.134
51,07.08.19 11:31:28 PM,13.558
52,07.08.19 11:46:28 PM,13.269
53,07.09.19 12:01:28 AM,12.98
54,07.09.19 12:16:28 AM,12.69
55,07.09.19 12:31:28 AM,12.497
56,07.09.19 12:46:28 AM,12.304
57,07.09.19 01:01:28 AM,12.207
58,07.09.19 01:16:28 AM,12.11
59,07.09.19 01:31:28 AM,12.594
60,07.09.19 01:46:28 AM,12.787
61,07.09.19 02:01:28 AM,12.787
62,07.09.19 02:16:28 AM,12.11
63,07.09.19 02:31:28 AM,11.528
64,07.09.19 02:46:28 AM,11.236
65,07.09.19 03:01:28 AM,11.139
66,07.09.19 03:16:28 AM,11.041
67,07.09.19 03:31:28 AM,10.944
68,07.09.19 03:46:28 AM,10.944
69,07.09.19 04:01:28 AM,10.846
70,07.09.19 04:16:28 AM,10.748
71,07.09.19 04:31:28 AM,10.455
72,07.09.19 04:46:28 AM,10.357
73,07.09.19 05:01:28 AM,10.357
74,07.09.19 05:16:28 AM,10.259
75,07.09.19 05:31:28 AM,10.259
76,07.09.19 05:46:28 AM,10.357
77,07.09.19 06:01:28 AM,10.553
78,07.09.19 06:16:28 AM,11.041
79,07.09.19 06:31:28 AM,12.207
80,07.09.19 06:46:28 AM,13.75
81,07.09.19 07:01:28 AM,14.709
82,07.09.19 07:16:28 AM,16.237
83,07.09.19 07:31:28 AM,18.616
84,07.09.19 07:46:28 AM,20.043
85,07.09.19 08:01:28 AM,21.187
86,07.09.19 08:16:28 AM,23.004
87,07.09.19 08:31:28 AM,21.569
88,07.09.19 08:46:28 AM,22.908
89,07.09.19 09:01:28 AM,23.1
90,07.09.19 09:16:28 AM,22.142
91,07.09.19 09:31:28 AM,24.351
92,07.09.19 09:46:28 AM,25.902
93,07.09.19 10:01:28 AM,25.708
94,07.09.19 10:16:28 AM,25.513
95,07.09.19 10:31:28 AM,25.902
96,07.09.19 10:46:28 AM,26.683
97,07.09.19 11:01:28 AM,20.138
98,07.09.19 11:16:28 AM,19.567
99,07.09.19 11:31:28 AM,22.046
100,07.09.19 11:46:28 AM,23.004
101,07.09.19 12:01:28 PM,22.908
102,07.09.19 12:16:28 PM,23.677
103,07.09.19 12:31:28 PM,24.641
104,07.09.19 12:46:28 PM,26.097
105,07.09.19 01:01:28 PM,26.39
106,07.09.19 01:16:28 PM,27.764
107,07.09.19 01:31:28 PM,28.06
108,07.09.19 01:46:28 PM,34.058
109,07.09.19 02:01:28 PM,35.328
110,07.09.19 02:16:28 PM,37.384
111,07.09.19 02:31:28 PM,36.187
112,07.09.19 02:46:28 PM,35.328
113,07.09.19 03:01:28 PM,35.756
114,07.09.19 03:16:28 PM,37.714
115,07.09.19 03:31:28 PM,40.992
116,07.09.19 03:46:28 PM,36.946
117,07.09.19 04:01:28 PM,38.49
118,07.09.19 04:16:28 PM,37.935
119,07.09.19 04:31:28 PM,39.163
120,07.09.19 04:46:28 PM,39.843
121,07.09.19 05:01:28 PM,42.878
122,07.09.19 05:16:28 PM,40.415
123,07.09.19 05:31:28 PM,38.938
124,07.09.19 05:46:28 PM,38.602
125,07.09.19 06:01:28 PM,37.165
126,07.09.19 06:16:28 PM,34.585
127,07.09.19 06:31:28 PM,29.652
128,07.09.19 06:46:28 PM,27.665
129,07.09.19 07:01:28 PM,26.195
130,07.09.19 07:16:28 PM,23.966
131,07.09.19 07:31:28 PM,21.378
132,07.09.19 07:46:28 PM,20.615
133,07.09.19 08:01:28 PM,20.043
134,07.09.19 08:16:28 PM,19.758
135,07.09.19 08:31:28 PM,19.472
136,07.09.19 08:46:28 PM,19.187
137,07.09.19 09:01:28 PM,18.426
138,07.09.19 09:16:28 PM,17.665
139,07.09.19 09:31:28 PM,17.189
140,07.09.19 09:46:28 PM,16.618
141,07.09.19 10:01:28 PM,16.141
142,07.09.19 10:16:28 PM,15.473
143,07.09.19 10:31:28 PM,14.996
144,07.09.19 10:46:28 PM,14.613
145,07.09.19 11:01:28 PM,14.325
146,07.09.19 11:16:28 PM,14.038
147,07.09.19 11:31:28 PM,13.942
148,07.09.19 11:46:28 PM,13.558
149,07.10.19 12:01:28 AM,13.173
150,07.10.19 12:16:28 AM,12.883
151,07.10.19 12:31:28 AM,12.594
152,07.10.19 12:46:28 AM,12.401
153,07.10.19 01:01:28 AM,12.013
154,07.10.19 01:16:28 AM,11.819
155,07.10.19 01:31:28 AM,11.625
156,07.10.19 01:46:28 AM,11.528
157,07.10.19 02:01:28 AM,11.431
158,07.10.19 02:16:28 AM,11.236
159,07.10.19 02:31:28 AM,11.041
160,07.10.19 02:46:28 AM,10.944
161,07.10.19 03:01:28 AM,10.748
162,07.10.19 03:16:28 AM,10.651
163,07.10.19 03:31:28 AM,10.455
164,07.10.19 03:46:28 AM,10.259
165,07.10.19 04:01:28 AM,10.161
166,07.10.19 04:16:28 AM,9.965
167,07.10.19 04:31:28 AM,9.866
168,07.10.19 04:46:28 AM,9.768
169,07.10.19 05:01:28 AM,9.571
170,07.10.19 05:16:28 AM,9.472
171,07.10.19 05:31:28 AM,9.373
172,07.10.19 05:46:28 AM,9.472
173,07.10.19 06:01:28 AM,9.571
174,07.10.19 06:16:28 AM,9.965
175,07.10.19 06:31:28 AM,11.334
176,07.10.19 06:46:28 AM,12.207
177,07.10.19 07:01:28 AM,13.558
178,07.10.19 07:16:28 AM,14.996
179,07.10.19 07:31:28 AM,16.141
180,07.10.19 07:46:28 AM,18.236
181,07.10.19 08:01:28 AM,20.329
182,07.10.19 08:16:28 AM,23.869
183,07.10.19 08:31:28 AM,25.61
184,07.10.19 08:46:28 AM,28.456
185,07.10.19 09:01:28 AM,28.456
186,07.10.19 09:16:28 AM,30.457
187,07.10.19 09:31:28 AM,30.659
188,07.10.19 09:46:28 AM,31.472
189,07.10.19 10:01:28 AM,30.76
190,07.10.19 10:16:28 AM,31.268
191,07.10.19 10:31:28 AM,29.252
192,07.10.19 10:46:28 AM,30.457
193,07.10.19 11:01:28 AM,32.704
194,07.10.19 11:16:28 AM,32.807
195,07.10.19 11:31:28 AM,31.574
196,07.10.19 11:46:28 AM,30.963
197,07.10.19 12:01:28 PM,31.88
198,07.10.19 12:16:28 PM,30.862
199,07.10.19 12:31:28 PM,31.88
200,07.10.19 12:46:28 PM,31.064
201,07.10.19 01:01:28 PM,22.046
202,07.10.19 01:16:28 PM,26.585
203,07.10.19 01:31:28 PM,28.456
204,07.10.19 01:46:28 PM,30.558
205,07.10.19 02:01:28 PM,30.255
206,07.10.19 02:16:28 PM,35.115
207,07.10.19 02:31:28 PM,38.268
208,07.10.19 02:46:28 PM,36.728
209,07.10.19 03:01:28 PM,40.992
210,07.10.19 03:16:28 PM,46.337
211,07.10.19 03:31:28 PM,47.368
212,07.10.19 03:46:28 PM,42.52
213,07.10.19 04:01:28 PM,41.928
214,07.10.19 04:16:28 PM,44.334
215,07.10.19 04:31:28 PM,47.629
216,07.10.19 04:46:28 PM,45.956
217,07.10.19 05:01:28 PM,44.58
218,07.10.19 05:16:28 PM,46.337
219,07.10.19 05:31:28 PM,45.076
220,07.10.19 05:46:28 PM,44.704
221,07.10.19 06:01:28 PM,45.326
222,07.10.19 06:16:28 PM,43.118
223,07.10.19 06:31:28 PM,35.115
224,07.10.19 06:46:28 PM,34.268
225,07.10.19 07:01:28 PM,34.479
226,07.10.19 07:16:28 PM,31.574
227,07.10.19 07:31:28 PM,26.097
228,07.10.19 07:46:28 PM,24.255
229,07.10.19 08:01:28 PM,23.484
230,07.10.19 08:16:28 PM,23.004
231,07.10.19 08:31:28 PM,22.525
232,07.10.19 08:46:28 PM,21.951
233,07.10.19 09:01:28 PM,21.187
234,07.10.19 09:16:28 PM,20.519
235,07.10.19 09:31:28 PM,19.758
236,07.10.19 09:46:28 PM,19.187
237,07.10.19 10:01:28 PM,18.711
238,07.10.19 10:16:28 PM,18.331
239,07.10.19 10:31:28 PM,17.95
240,07.10.19 10:46:28 PM,17.475
241,07.10.19 11:01:28 PM,17.094
242,07.10.19 11:16:28 PM,16.808
243,07.10.19 11:31:28 PM,16.713
244,07.10.19 11:46:28 PM,16.713
245,07.11.19 12:01:28 AM,16.999
246,07.11.19 12:16:28 AM,17.094
247,07.11.19 12:31:28 AM,17.094
248,07.11.19 12:46:28 AM,17.189
249,07.11.19 01:01:28 AM,17.284
250,07.11.19 01:16:28 AM,17.379
251,07.11.19 01:31:28 AM,17.379
252,07.11.19 01:46:28 AM,17.284
253,07.11.19 02:01:28 AM,17.094
254,07.11.19 02:16:28 AM,16.903
255,07.11.19 02:31:28 AM,16.903
256,07.11.19 02:46:28 AM,16.903
257,07.11.19 03:01:28 AM,16.903
258,07.11.19 03:16:28 AM,16.999
259,07.11.19 03:31:28 AM,16.999
260,07.11.19 03:46:28 AM,16.808
261,07.11.19 04:01:28 AM,16.237
262,07.11.19 04:16:28 AM,15.855
263,07.11.19 04:31:28 AM,15.76
264,07.11.19 04:46:28 AM,15.855
265,07.11.19 05:01:28 AM,15.855
266,07.11.19 05:16:28 AM,15.473
267,07.11.19 05:31:28 AM,14.996
268,07.11.19 05:46:28 AM,14.996
269,07.11.19 06:01:28 AM,14.996
270,07.11.19 06:16:28 AM,15.569
271,07.11.19 06:31:28 AM,15.951
272,07.11.19 06:46:28 AM,16.332
273,07.11.19 07:01:28 AM,16.999
274,07.11.19 07:16:28 AM,17.189
275,07.11.19 07:31:28 AM,16.808
276,07.11.19 07:46:28 AM,16.713
277,07.11.19 08:01:28 AM,16.999
278,07.11.19 08:16:28 AM,17.665
279,07.11.19 08:31:28 AM,18.996
280,07.11.19 08:46:28 AM,20.234
281,07.11.19 09:01:28 AM,20.424
282,07.11.19 09:16:28 AM,20.138
283,07.11.19 09:31:28 AM,20.615
284,07.11.19 09:46:28 AM,19.662
285,07.11.19 10:01:28 AM,18.616
286,07.11.19 10:16:28 AM,18.331
287,07.11.19 10:31:28 AM,18.806
288,07.11.19 10:46:28 AM,19.187
289,07.11.19 11:01:28 AM,18.711
290,07.11.19 11:16:28 AM,18.996
291,07.11.19 11:31:28 AM,18.996
292,07.11.19 11:46:28 AM,18.996
293,07.11.19 12:01:28 PM,19.758
294,07.11.19 12:16:28 PM,19.853
295,07.11.19 12:31:28 PM,20.615
296,07.11.19 12:46:28 PM,20.615
297,07.11.19 01:01:28 PM,20.519
298,07.11.19 01:16:28 PM,19.853
299,07.11.19 01:31:28 PM,19.948
300,07.11.19 01:46:28 PM,19.377
301,07.11.19 02:01:28 PM,19.092
302,07.11.19 02:16:28 PM,19.187
303,07.11.19 02:31:28 PM,20.424
304,07.11.19 02:46:28 PM,20.424
305,07.11.19 03:01:28 PM,19.377
306,07.11.19 03:16:28 PM,19.758
307,07.11.19 03:31:28 PM,19.948
308,07.11.19 03:46:28 PM,20.519
309,07.11.19 04:01:28 PM,20.805
310,07.11.19 04:16:28 PM,20.996
311,07.11.19 04:31:28 PM,21.473
312,07.11.19 04:46:28 PM,29.252
313,07.11.19 05:01:28 PM,25.222
314,07.11.19 05:16:28 PM,28.258
315,07.11.19 05:31:28 PM,33.222
316,07.11.19 05:46:28 PM,34.903
317,07.11.19 06:01:28 PM,32.497
318,07.11.19 06:16:28 PM,32.6
319,07.11.19 06:31:28 PM,30.054
320,07.11.19 06:46:28 PM,24.545
321,07.11.19 07:01:28 PM,21.664
322,07.11.19 07:16:28 PM,21.378
323,07.11.19 07:31:28 PM,21.187
324,07.11.19 07:46:28 PM,19.567
325,07.11.19 08:01:28 PM,19.092
326,07.11.19 08:16:28 PM,18.806
327,07.11.19 08:31:28 PM,18.711
328,07.11.19 08:46:28 PM,18.521
329,07.11.19 09:01:28 PM,18.521
330,07.11.19 09:16:28 PM,18.426
331,07.11.19 09:31:28 PM,18.331
332,07.11.19 09:46:28 PM,18.045
333,07.11.19 10:01:28 PM,17.665
334,07.11.19 10:16:28 PM,17.094
335,07.11.19 10:31:28 PM,16.618
336,07.11.19 10:46:28 PM,16.808
337,07.11.19 11:01:28 PM,16.808
338,07.11.19 11:16:28 PM,16.808
339,07.11.19 11:31:28 PM,16.808
340,07.11.19 11:46:28 PM,16.808
341,07.12.19 12:01:28 AM,16.808
342,07.12.19 12:16:28 AM,16.713
343,07.12.19 12:31:28 AM,16.713
344,07.12.19 12:46:28 AM,16.713
345,07.12.19 01:01:28 AM,16.713
346,07.12.19 01:16:28 AM,16.618
347,07.12.19 01:31:28 AM,16.523
348,07.12.19 01:46:28 AM,16.427
349,07.12.19 02:01:28 AM,16.237
350,07.12.19 02:16:28 AM,16.141
351,07.12.19 02:31:28 AM,16.141
352,07.12.19 02:46:28 AM,16.046
353,07.12.19 03:01:28 AM,15.855
354,07.12.19 03:16:28 AM,15.76
355,07.12.19 03:31:28 AM,15.569
356,07.12.19 03:46:28 AM,15.473
357,07.12.19 04:01:28 AM,15.378
358,07.12.19 04:16:28 AM,15.473
359,07.12.19 04:31:28 AM,15.378
360,07.12.19 04:46:28 AM,15.282
361,07.12.19 05:01:28 AM,15.473
362,07.12.19 05:16:28 AM,15.473
363,07.12.19 05:31:28 AM,15.473
364,07.12.19 05:46:28 AM,15.378
365,07.12.19 06:01:28 AM,15.473
366,07.12.19 06:16:28 AM,15.664
367,07.12.19 06:31:28 AM,15.855
368,07.12.19 06:46:28 AM,15.951
369,07.12.19 07:01:28 AM,16.237
370,07.12.19 07:16:28 AM,16.237
371,07.12.19 07:31:28 AM,16.427
372,07.12.19 07:46:28 AM,16.618
373,07.12.19 08:01:28 AM,19.567
374,07.12.19 08:16:28 AM,17.76
375,07.12.19 08:31:28 AM,16.903
376,07.12.19 08:46:28 AM,16.713
377,07.12.19 09:01:28 AM,17.665
378,07.12.19 09:16:28 AM,18.236
379,07.12.19 09:31:28 AM,18.236
380,07.12.19 09:46:28 AM,22.525
381,07.12.19 10:01:28 AM,25.416
382,07.12.19 10:16:28 AM,23.004
383,07.12.19 10:31:28 AM,20.424
384,07.12.19 10:46:28 AM,19.567
385,07.12.19 11:01:28 AM,21.664
386,07.12.19 11:16:28 AM,22.525
387,07.12.19 11:31:28 AM,23.966
388,07.12.19 11:46:28 AM,22.525
389,07.12.19 12:01:28 PM,20.234
390,07.12.19 12:16:28 PM,19.282
391,07.12.19 12:31:28 PM,22.429
392,07.12.19 12:46:28 PM,23.004
393,07.12.19 01:01:28 PM,21.282
394,07.12.19 01:16:28 PM,21.091
395,07.12.19 01:31:28 PM,21.378
396,07.12.19 01:46:28 PM,22.046
397,07.12.19 02:01:28 PM,23.869
398,07.12.19 02:16:28 PM,22.812
399,07.12.19 02:31:28 PM,24.448
400,07.12.19 02:46:28 PM,28.655
401,07.12.19 03:01:28 PM,30.76
402,07.12.19 03:16:28 PM,24.835
403,07.12.19 03:31:28 PM,19.092
404,07.12.19 03:46:28 PM,28.754
405,07.12.19 04:01:28 PM,31.778
406,07.12.19 04:16:28 PM,33.43
407,07.12.19 04:31:28 PM,33.118
408,07.12.19 04:46:28 PM,35.971
409,07.12.19 05:01:28 PM,37.274
410,07.12.19 05:16:28 PM,34.374
411,07.12.19 05:31:28 PM,29.252
412,07.12.19 05:46:28 PM,24.835
413,07.12.19 06:01:28 PM,24.545
414,07.12.19 06:16:28 PM,28.555
415,07.12.19 06:31:28 PM,26.488
416,07.12.19 06:46:28 PM,23.388
417,07.12.19 07:01:28 PM,21.473
418,07.12.19 07:16:28 PM,19.758
419,07.12.19 07:31:28 PM,19.187
420,07.12.19 07:46:28 PM,19.948
421,07.12.19 08:01:28 PM,19.662
422,07.12.19 08:16:28 PM,18.996
423,07.12.19 08:31:28 PM,18.426
424,07.12.19 08:46:28 PM,17.57
425,07.12.19 09:01:28 PM,17.189
426,07.12.19 09:16:28 PM,16.999
427,07.12.19 09:31:28 PM,16.903
428,07.12.19 09:46:28 PM,17.189
429,07.12.19 10:01:28 PM,16.999
430,07.12.19 10:16:28 PM,16.808
431,07.12.19 10:31:28 PM,16.618
432,07.12.19 10:46:28 PM,16.427
433,07.12.19 11:01:28 PM,16.141
434,07.12.19 11:16:28 PM,15.569
435,07.12.19 11:31:28 PM,15.569
436,07.12.19 11:46:28 PM,15.569
437,07.13.19 12:01:28 AM,15.378
438,07.13.19 12:16:28 AM,15.473
439,07.13.19 12:31:28 AM,15.378
440,07.13.19 12:46:28 AM,15.473
441,07.13.19 01:01:28 AM,15.569
442,07.13.19 01:16:28 AM,15.282
443,07.13.19 01:31:28 AM,15.091
444,07.13.19 01:46:28 AM,14.804
445,07.13.19 02:01:28 AM,14.804
446,07.13.19 02:16:28 AM,14.709
447,07.13.19 02:31:28 AM,14.709
448,07.13.19 02:46:28 AM,14.709
449,07.13.19 03:01:28 AM,14.9
450,07.13.19 03:16:28 AM,14.9
451,07.13.19 03:31:28 AM,14.709
452,07.13.19 03:46:28 AM,14.709
453,07.13.19 04:01:28 AM,14.709
454,07.13.19 04:16:28 AM,14.709
455,07.13.19 04:31:28 AM,14.613
456,07.13.19 04:46:28 AM,14.23
457,07.13.19 05:01:28 AM,13.846
458,07.13.19 05:16:28 AM,13.942
459,07.13.19 05:31:28 AM,14.134
460,07.13.19 05:46:28 AM,14.23
461,07.13.19 06:01:28 AM,14.421
462,07.13.19 06:16:28 AM,14.421
463,07.13.19 06:31:28 AM,14.517
464,07.13.19 06:46:28 AM,14.9
465,07.13.19 07:01:28 AM,14.996
466,07.13.19 07:16:28 AM,15.282
467,07.13.19 07:31:28 AM,16.046
468,07.13.19 07:46:28 AM,16.332
469,07.13.19 08:01:28 AM,15.951
470,07.13.19 08:16:28 AM,17.475
471,07.13.19 08:31:28 AM,16.618
472,07.13.19 08:46:28 AM,16.618
473,07.13.19 09:01:28 AM,16.903
474,07.13.19 09:16:28 AM,17.379
475,07.13.19 09:31:28 AM,18.236
476,07.13.19 09:46:28 AM,19.758
477,07.13.19 10:01:28 AM,19.472
478,07.13.19 10:16:28 AM,18.616
479,07.13.19 10:31:28 AM,18.806
480,07.13.19 10:46:28 AM,20.71
481,07.13.19 11:01:28 AM,20.901
482,07.13.19 11:16:28 AM,20.996
483,07.13.19 11:31:28 AM,21.855
484,07.13.19 11:46:28 AM,24.351
485,07.13.19 12:01:28 PM,25.805
486,07.13.19 12:16:28 PM,26.781
487,07.13.19 12:31:28 PM,26.977
488,07.13.19 12:46:28 PM,27.665
489,07.13.19 01:01:28 PM,28.06
490,07.13.19 01:16:28 PM,30.862
491,07.13.19 01:31:28 PM,33.535
492,07.13.19 01:46:28 PM,34.058
493,07.13.19 02:01:28 PM,35.649
494,07.13.19 02:16:28 PM,32.394
495,07.13.19 02:31:28 PM,40.3
496,07.13.19 02:46:28 PM,44.211
497,07.13.19 03:01:28 PM,33.118
498,07.13.19 03:16:28 PM,26.683
499,07.13.19 03:31:28 PM,24.351
500,07.13.19 03:46:28 PM,25.61
501,07.13.19 04:01:28 PM,26.195
502,07.13.19 04:16:28 PM,28.258
503,07.13.19 04:31:28 PM,35.009
504,07.13.19 04:46:28 PM,35.435
505,07.13.19 05:01:28 PM,29.352
506,07.13.19 05:16:28 PM,39.276
507,07.13.19 05:31:28 PM,36.837
508,07.13.19 05:46:28 PM,27.862
509,07.13.19 06:01:28 PM,25.805
510,07.13.19 06:16:28 PM,25.319
511,07.13.19 06:31:28 PM,25.416
512,07.13.19 06:46:28 PM,24.255
513,07.13.19 07:01:28 PM,23.966
514,07.13.19 07:16:28 PM,23.484
515,07.13.19 07:31:28 PM,21.855
516,07.13.19 07:46:28 PM,21.091
517,07.13.19 08:01:28 PM,20.138
518,07.13.19 08:16:28 PM,18.806
519,07.13.19 08:31:28 PM,17.76
520,07.13.19 08:46:28 PM,17.475
521,07.13.19 09:01:28 PM,17.855
522,07.13.19 09:16:28 PM,17.665
523,07.13.19 09:31:28 PM,17.189
524,07.13.19 09:46:28 PM,16.999
525,07.13.19 10:01:28 PM,16.903
526,07.13.19 10:16:28 PM,16.618
527,07.13.19 10:31:28 PM,16.523
528,07.13.19 10:46:28 PM,16.618
529,07.13.19 11:01:28 PM,16.237
530,07.13.19 11:16:28 PM,15.951
531,07.13.19 11:31:28 PM,15.951
532,07.13.19 11:46:28 PM,15.951
533,07.14.19 12:01:28 AM,15.951
534,07.14.19 12:16:28 AM,16.237
535,07.14.19 12:31:28 AM,16.332
536,07.14.19 12:46:28 AM,16.141
537,07.14.19 01:01:28 AM,16.141
538,07.14.19 01:16:28 AM,16.141
539,07.14.19 01:31:28 AM,16.046
540,07.14.19 01:46:28 AM,16.046
541,07.14.19 02:01:28 AM,16.046
542,07.14.19 02:16:28 AM,15.951
543,07.14.19 02:31:28 AM,16.046
544,07.14.19 02:46:28 AM,16.141
545,07.14.19 03:01:28 AM,15.951
546,07.14.19 03:16:28 AM,15.76
547,07.14.19 03:31:28 AM,15.855
548,07.14.19 03:46:28 AM,15.951
549,07.14.19 04:01:28 AM,15.951
550,07.14.19 04:16:28 AM,15.855
551,07.14.19 04:31:28 AM,15.76
552,07.14.19 04:46:28 AM,15.76
553,07.14.19 05:01:28 AM,15.76
554,07.14.19 05:16:28 AM,15.664
555,07.14.19 05:31:28 AM,15.664
556,07.14.19 05:46:28 AM,15.76
557,07.14.19 06:01:28 AM,15.951
558,07.14.19 06:16:28 AM,16.046
559,07.14.19 06:31:28 AM,16.332
560,07.14.19 06:46:28 AM,16.332
561,07.14.19 07:01:28 AM,16.141
562,07.14.19 07:16:28 AM,16.046
563,07.14.19 07:31:28 AM,16.141
564,07.14.19 07:46:28 AM,15.76
565,07.14.19 08:01:28 AM,15.951
566,07.14.19 08:16:28 AM,15.855
567,07.14.19 08:31:28 AM,15.664
568,07.14.19 08:46:28 AM,15.569
569,07.14.19 09:01:28 AM,15.664
570,07.14.19 09:16:28 AM,15.664
571,07.14.19 09:31:28 AM,15.951
572,07.14.19 09:46:28 AM,15.76
573,07.14.19 10:01:28 AM,16.237
574,07.14.19 10:16:28 AM,15.664
575,07.14.19 10:31:28 AM,15.378
576,07.14.19 10:46:28 AM,15.664
577,07.14.19 11:01:28 AM,15.855
578,07.14.19 11:16:28 AM,16.046
579,07.14.19 11:31:28 AM,16.427
580,07.14.19 11:46:28 AM,16.999
581,07.14.19 12:01:28 PM,16.332
582,07.14.19 12:16:28 PM,16.903
583,07.14.19 12:31:28 PM,18.236
584,07.14.19 12:46:28 PM,18.996
585,07.14.19 01:01:28 PM,19.092
586,07.14.19 01:16:28 PM,18.901
587,07.14.19 01:31:28 PM,18.711
588,07.14.19 01:46:28 PM,20.138
589,07.14.19 02:01:28 PM,20.901
590,07.14.19 02:16:28 PM,23.773
591,07.14.19 02:31:28 PM,23.773
592,07.14.19 02:46:28 PM,25.125
593,07.14.19 03:01:28 PM,26.488
594,07.14.19 03:16:28 PM,27.961
595,07.14.19 03:31:28 PM,29.853
596,07.14.19 03:46:28 PM,31.574
597,07.14.19 04:01:28 PM,31.472
598,07.14.19 04:16:28 PM,30.963
599,07.14.19 04:31:28 PM,36.295
600,07.14.19 04:46:28 PM,27.961
601,07.14.19 05:01:28 PM,29.252
602,07.14.19 05:16:28 PM,28.754
603,07.14.19 05:31:28 PM,37.055
604,07.14.19 05:46:28 PM,38.826
605,07.14.19 06:01:28 PM,35.756
606,07.14.19 06:16:28 PM,32.6
607,07.14.19 06:31:28 PM,30.154
608,07.14.19 06:46:28 PM,28.456
609,07.14.19 07:01:28 PM,27.764
610,07.14.19 07:16:28 PM,22.908
611,07.14.19 07:31:28 PM,20.71
612,07.14.19 07:46:28 PM,20.138
613,07.14.19 08:01:28 PM,19.758
614,07.14.19 08:16:28 PM,19.662
615,07.14.19 08:31:28 PM,18.806
616,07.14.19 08:46:28 PM,18.331
617,07.14.19 09:01:28 PM,17.76
618,07.14.19 09:16:28 PM,17.379
619,07.14.19 09:31:28 PM,16.903
620,07.14.19 09:46:28 PM,16.523
621,07.14.19 10:01:28 PM,15.951
622,07.14.19 10:16:28 PM,15.569
623,07.14.19 10:31:28 PM,15.187
624,07.14.19 10:46:28 PM,14.996
625,07.14.19 11:01:28 PM,14.517
626,07.14.19 11:16:28 PM,14.325
627,07.14.19 11:31:28 PM,14.134
628,07.14.19 11:46:28 PM,14.038
629,07.15.19 12:01:28 AM,13.846
630,07.15.19 12:16:28 AM,13.846
631,07.15.19 12:31:28 AM,13.75
632,07.15.19 12:46:28 AM,13.558
633,07.15.19 01:01:28 AM,13.461
634,07.15.19 01:16:28 AM,13.654
635,07.15.19 01:31:28 AM,13.654
636,07.15.19 01:46:28 AM,13.846
637,07.15.19 02:01:28 AM,13.942
638,07.15.19 02:16:28 AM,13.461
639,07.15.19 02:31:28 AM,12.98
640,07.15.19 02:46:28 AM,12.98
641,07.15.19 03:01:28 AM,12.98
642,07.15.19 03:16:28 AM,12.98
643,07.15.19 03:31:28 AM,13.173
644,07.15.19 03:46:28 AM,13.173
645,07.15.19 04:01:28 AM,13.173
646,07.15.19 04:16:28 AM,13.076
647,07.15.19 04:31:28 AM,12.98
648,07.15.19 04:46:28 AM,12.787
649,07.15.19 05:01:28 AM,12.594
650,07.15.19 05:16:28 AM,12.401
651,07.15.19 05:31:28 AM,12.69
652,07.15.19 05:46:28 AM,12.883
653,07.15.19 06:01:28 AM,13.461
654,07.15.19 06:16:28 AM,13.942
655,07.15.19 06:31:28 AM,14.134
656,07.15.19 06:46:28 AM,14.709
657,07.15.19 07:01:28 AM,16.523
658,07.15.19 07:16:28 AM,15.951
659,07.15.19 07:31:28 AM,16.141
660,07.15.19 07:46:28 AM,16.332
661,07.15.19 08:01:28 AM,16.713
662,07.15.19 08:16:28 AM,15.76
663,07.15.19 08:31:28 AM,16.427
664,07.15.19 08:46:28 AM,19.853
665,07.15.19 09:01:28 AM,20.138
666,07.15.19 09:16:28 AM,20.615
667,07.15.19 09:31:28 AM,21.187
668,07.15.19 09:46:28 AM,19.948
669,07.15.19 10:01:28 AM,18.331
670,07.15.19 10:16:28 AM,18.996
671,07.15.19 10:31:28 AM,19.187
672,07.15.19 10:46:28 AM,19.758
673,07.15.19 11:01:28 AM,21.76
674,07.15.19 11:16:28 AM,25.125
675,07.15.19 11:31:28 AM,25.902
676,07.15.19 11:46:28 AM,27.862
677,07.15.19 12:01:28 PM,27.961
678,07.15.19 12:16:28 PM,29.053
679,07.15.19 12:31:28 PM,28.754
680,07.15.19 12:46:28 PM,28.754
681,07.15.19 01:01:28 PM,28.159
682,07.15.19 01:16:28 PM,31.574
683,07.15.19 01:31:28 PM,35.649
684,07.15.19 01:46:28 PM,33.118
685,07.15.19 02:01:28 PM,35.435
686,07.15.19 02:16:28 PM,29.452
687,07.15.19 02:31:28 PM,27.37
688,07.15.19 02:46:28 PM,34.903
689,07.15.19 03:01:28 PM,29.352
690,07.15.19 03:16:28 PM,31.472
691,07.15.19 03:31:28 PM,30.255
692,07.15.19 03:46:28 PM,32.807
693,07.15.19 04:01:28 PM,40.3
694,07.15.19 04:16:28 PM,37.165
695,07.15.19 04:31:28 PM,42.878
696,07.15.19 04:46:28 PM,39.615
697,07.15.19 05:01:28 PM,42.998
698,07.15.19 05:16:28 PM,38.046
699,07.15.19 05:31:28 PM,39.05
700,07.15.19 05:46:28 PM,39.502
701,07.15.19 06:01:28 PM,35.971
702,07.15.19 06:16:28 PM,39.05
703,07.15.19 06:31:28 PM,36.187
704,07.15.19 06:46:28 PM,30.356
705,07.15.19 07:01:28 PM,28.258
706,07.15.19 07:16:28 PM,28.555
707,07.15.19 07:31:28 PM,23.196
708,07.15.19 07:46:28 PM,21.664
709,07.15.19 08:01:28 PM,20.901
710,07.15.19 08:16:28 PM,20.424
711,07.15.19 08:31:28 PM,19.948
712,07.15.19 08:46:28 PM,19.377
713,07.15.19 09:01:28 PM,18.806
714,07.15.19 09:16:28 PM,18.14
715,07.15.19 09:31:28 PM,17.475
716,07.15.19 09:46:28 PM,16.999
717,07.15.19 10:01:28 PM,16.618
718,07.15.19 10:16:28 PM,15.951
719,07.15.19 10:31:28 PM,15.664
720,07.15.19 10:46:28 PM,15.378
721,07.15.19 11:01:28 PM,14.996
722,07.15.19 11:16:28 PM,14.804
723,07.15.19 11:31:28 PM,14.421
724,07.15.19 11:46:28 PM,14.134
725,07.16.19 12:01:28 AM,14.038
726,07.16.19 12:16:28 AM,13.846
727,07.16.19 12:31:28 AM,13.654
728,07.16.19 12:46:28 AM,13.558
729,07.16.19 01:01:28 AM,13.076
730,07.16.19 01:16:28 AM,12.69
731,07.16.19 01:31:28 AM,12.497
732,07.16.19 01:46:28 AM,12.401
733,07.16.19 02:01:28 AM,12.401
734,07.16.19 02:16:28 AM,12.207
735,07.16.19 02:31:28 AM,11.916
736,07.16.19 02:46:28 AM,11.722
737,07.16.19 03:01:28 AM,11.625
738,07.16.19 03:16:28 AM,11.625
739,07.16.19 03:31:28 AM,11.334
740,07.16.19 03:46:28 AM,11.236
741,07.16.19 04:01:28 AM,11.139
742,07.16.19 04:16:28 AM,11.139
743,07.16.19 04:31:28 AM,11.139
744,07.16.19 04:46:28 AM,11.041
745,07.16.19 05:01:28 AM,10.846
746,07.16.19 05:16:28 AM,10.846
747,07.16.19 05:31:28 AM,10.748
748,07.16.19 05:46:28 AM,10.748
749,07.16.19 06:01:28 AM,10.846
750,07.16.19 06:16:28 AM,11.139
751,07.16.19 06:31:28 AM,11.916
752,07.16.19 06:46:28 AM,13.461
753,07.16.19 07:01:28 AM,14.9
754,07.16.19 07:16:28 AM,15.951
755,07.16.19 07:31:28 AM,17.379
756,07.16.19 07:46:28 AM,19.187
757,07.16.19 08:01:28 AM,21.282
758,07.16.19 08:16:28 AM,23.1
759,07.16.19 08:31:28 AM,25.61
760,07.16.19 08:46:28 AM,26.683
761,07.16.19 09:01:28 AM,27.665
762,07.16.19 09:16:28 AM,27.567
763,07.16.19 09:31:28 AM,28.159
764,07.16.19 09:46:28 AM,29.152
765,07.16.19 10:01:28 AM,28.754
766,07.16.19 10:16:28 AM,27.468
767,07.16.19 10:31:28 AM,28.754
768,07.16.19 10:46:28 AM,30.76
769,07.16.19 11:01:28 AM,30.054
770,07.16.19 11:16:28 AM,29.752
771,07.16.19 11:31:28 AM,30.659
772,07.16.19 11:46:28 AM,30.659
773,07.16.19 12:01:28 PM,30.154
774,07.16.19 12:16:28 PM,30.862
775,07.16.19 12:31:28 PM,29.853
776,07.16.19 12:46:28 PM,30.356
777,07.16.19 01:01:28 PM,29.752
778,07.16.19 01:16:28 PM,33.535
779,07.16.19 01:31:28 PM,34.585
780,07.16.19 01:46:28 PM,35.009
781,07.16.19 02:01:28 PM,37.824
782,07.16.19 02:16:28 PM,37.824
783,07.16.19 02:31:28 PM,38.49
784,07.16.19 02:46:28 PM,40.645
785,07.16.19 03:01:28 PM,39.163
786,07.16.19 03:16:28 PM,40.761
787,07.16.19 03:31:28 PM,30.963
788,07.16.19 03:46:28 PM,29.652
789,07.16.19 04:01:28 PM,30.862
790,07.16.19 04:16:28 PM,33.118
791,07.16.19 04:31:28 PM,34.903
792,07.16.19 04:46:28 PM,36.295
793,07.16.19 05:01:28 PM,36.837
794,07.16.19 05:16:28 PM,36.837
795,07.16.19 05:31:28 PM,37.824
796,07.16.19 05:46:28 PM,37.055
797,07.16.19 06:01:28 PM,38.157
798,07.16.19 06:16:28 PM,39.957
799,07.16.19 06:31:28 PM,36.62
800,07.16.19 06:46:28 PM,32.188
801,07.16.19 07:01:28 PM,29.752
802,07.16.19 07:16:28 PM,27.961
803,07.16.19 07:31:28 PM,25.708
804,07.16.19 07:46:28 PM,25.028
805,07.16.19 08:01:28 PM,24.545
806,07.16.19 08:16:28 PM,23.677
807,07.16.19 08:31:28 PM,22.908
808,07.16.19 08:46:28 PM,21.951
809,07.16.19 09:01:28 PM,21.282
810,07.16.19 09:16:28 PM,20.424
811,07.16.19 09:31:28 PM,19.662
812,07.16.19 09:46:28 PM,19.092
813,07.16.19 10:01:28 PM,18.616
814,07.16.19 10:16:28 PM,18.236
815,07.16.19 10:31:28 PM,17.855
816,07.16.19 10:46:28 PM,17.665
817,07.16.19 11:01:28 PM,17.379
818,07.16.19 11:16:28 PM,17.094
819,07.16.19 11:31:28 PM,16.808
820,07.16.19 11:46:28 PM,16.618
821,07.17.19 12:01:28 AM,16.427
822,07.17.19 12:16:28 AM,16.237
823,07.17.19 12:31:28 AM,15.951
824,07.17.19 12:46:28 AM,15.664
825,07.17.19 01:01:28 AM,15.473
826,07.17.19 01:16:28 AM,15.282
827,07.17.19 01:31:28 AM,15.091
828,07.17.19 01:46:28 AM,14.9
829,07.17.19 02:01:28 AM,14.709
830,07.17.19 02:16:28 AM,14.517
831,07.17.19 02:31:28 AM,14.421
832,07.17.19 02:46:28 AM,14.23
833,07.17.19 03:01:28 AM,14.038
834,07.17.19 03:16:28 AM,13.846
835,07.17.19 03:31:28 AM,13.654
836,07.17.19 03:46:28 AM,13.461
837,07.17.19 04:01:28 AM,13.365
838,07.17.19 04:16:28 AM,13.365
839,07.17.19 04:31:28 AM,13.269
840,07.17.19 04:46:28 AM,12.98
841,07.17.19 05:01:28 AM,12.98
842,07.17.19 05:16:28 AM,12.883
843,07.17.19 05:31:28 AM,12.69
844,07.17.19 05:46:28 AM,12.787
845,07.17.19 06:01:28 AM,12.883
846,07.17.19 06:16:28 AM,13.076
847,07.17.19 06:31:28 AM,13.558
848,07.17.19 06:46:28 AM,14.421
849,07.17.19 07:01:28 AM,15.76
850,07.17.19 07:16:28 AM,18.045
851,07.17.19 07:31:28 AM,19.282
852,07.17.19 07:46:28 AM,21.76
853,07.17.19 08:01:28 AM,23.773
854,07.17.19 08:16:28 AM,25.319
855,07.17.19 08:31:28 AM,27.665
856,07.17.19 08:46:28 AM,28.258
857,07.17.19 09:01:28 AM,28.357
858,07.17.19 09:16:28 AM,28.456
859,07.17.19 09:31:28 AM,29.752
860,07.17.19 09:46:28 AM,30.154
861,07.17.19 10:01:28 AM,31.574
862,07.17.19 10:16:28 AM,30.76
863,07.17.19 10:31:28 AM,30.76
864,07.17.19 10:46:28 AM,30.356
865,07.17.19 11:01:28 AM,30.963
866,07.17.19 11:16:28 AM,32.086
867,07.17.19 11:31:28 AM,31.778
868,07.17.19 11:46:28 AM,32.394
869,07.17.19 12:01:28 PM,33.222
870,07.17.19 12:16:28 PM,33.535
871,07.17.19 12:31:28 PM,33.953
872,07.17.19 12:46:28 PM,33.222
873,07.17.19 01:01:28 PM,33.014
874,07.17.19 01:16:28 PM,37.165
875,07.17.19 01:31:28 PM,40.645
876,07.17.19 01:46:28 PM,37.165
877,07.17.19 02:01:28 PM,42.401
878,07.17.19 02:16:28 PM,43.48
879,07.17.19 02:31:28 PM,41.341
880,07.17.19 02:46:28 PM,39.276
881,07.17.19 03:01:28 PM,41.225
882,07.17.19 03:16:28 PM,42.998
883,07.17.19 03:31:28 PM,42.164
884,07.17.19 03:46:28 PM,43.118
885,07.17.19 04:01:28 PM,35.649
886,07.17.19 04:16:28 PM,30.457
887,07.17.19 04:31:28 PM,29.452
888,07.17.19 04:46:28 PM,32.188
889,07.17.19 05:01:28 PM,30.862
890,07.17.19 05:16:28 PM,30.054
891,07.17.19 05:31:28 PM,33.118
892,07.17.19 05:46:28 PM,36.079
893,07.17.19 06:01:28 PM,35.542
894,07.17.19 06:16:28 PM,33.535
895,07.17.19 06:31:28 PM,31.88
896,07.17.19 06:46:28 PM,30.76
897,07.17.19 07:01:28 PM,29.652
898,07.17.19 07:16:28 PM,29.152
899,07.17.19 07:31:28 PM,26.879
900,07.17.19 07:46:28 PM,26.292
901,07.17.19 08:01:28 PM,26.097
902,07.17.19 08:16:28 PM,25.125
903,07.17.19 08:31:28 PM,24.158
904,07.17.19 08:46:28 PM,23.388
905,07.17.19 09:01:28 PM,22.812
906,07.17.19 09:16:28 PM,22.142
907,07.17.19 09:31:28 PM,21.091
908,07.17.19 09:46:28 PM,20.424
909,07.17.19 10:01:28 PM,19.948
910,07.17.19 10:16:28 PM,19.472
911,07.17.19 10:31:28 PM,19.187
912,07.17.19 10:46:28 PM,18.901
913,07.17.19 11:01:28 PM,18.616
914,07.17.19 11:16:28 PM,18.331
915,07.17.19 11:31:28 PM,17.665
916,07.17.19 11:46:28 PM,17.284
917,07.18.19 12:01:28 AM,16.999
918,07.18.19 12:16:28 AM,16.713
919,07.18.19 12:31:28 AM,16.523
920,07.18.19 12:46:28 AM,16.332
921,07.18.19 01:01:28 AM,16.237
922,07.18.19 01:16:28 AM,16.046
923,07.18.19 01:31:28 AM,15.951
924,07.18.19 01:46:28 AM,15.951
925,07.18.19 02:01:28 AM,15.855
926,07.18.19 02:16:28 AM,15.473
927,07.18.19 02:31:28 AM,15.282
928,07.18.19 02:46:28 AM,15.187
929,07.18.19 03:01:28 AM,15.187
930,07.18.19 03:16:28 AM,15.091
931,07.18.19 03:31:28 AM,14.9
932,07.18.19 03:46:28 AM,14.613
933,07.18.19 04:01:28 AM,14.421
934,07.18.19 04:16:28 AM,14.23
935,07.18.19 04:31:28 AM,14.134
936,07.18.19 04:46:28 AM,14.038
937,07.18.19 05:01:28 AM,14.038
938,07.18.19 05:16:28 AM,13.75
939,07.18.19 05:31:28 AM,13.654
940,07.18.19 05:46:28 AM,13.75
941,07.18.19 06:01:28 AM,13.942
942,07.18.19 06:16:28 AM,14.134
943,07.18.19 06:31:28 AM,14.421
944,07.18.19 06:46:28 AM,14.709
945,07.18.19 07:01:28 AM,15.187
946,07.18.19 07:16:28 AM,15.951
947,07.18.19 07:31:28 AM,16.903
948,07.18.19 07:46:28 AM,18.806
949,07.18.19 08:01:28 AM,20.996
950,07.18.19 08:16:28 AM,21.282
951,07.18.19 08:31:28 AM,21.091
952,07.18.19 08:46:28 AM,21.473
953,07.18.19 09:01:28 AM,22.333
954,07.18.19 09:16:28 AM,24.448
955,07.18.19 09:31:28 AM,26.879
956,07.18.19 09:46:28 AM,29.053
957,07.18.19 10:01:28 AM,29.752
958,07.18.19 10:16:28 AM,30.963
959,07.18.19 10:31:28 AM,31.166
960,07.18.19 10:46:28 AM,33.743
961,07.18.19 11:01:28 AM,33.43
962,07.18.19 11:16:28 AM,33.014
963,07.18.19 11:31:28 AM,33.326
964,07.18.19 11:46:28 AM,33.953
965,07.18.19 12:01:28 PM,34.691
966,07.18.19 12:16:28 PM,34.903
967,07.18.19 12:31:28 PM,35.009
968,07.18.19 12:46:28 PM,34.374
969,07.18.19 01:01:28 PM,34.903
970,07.18.19 01:16:28 PM,39.163
971,07.18.19 01:31:28 PM,37.714
972,07.18.19 01:46:28 PM,38.826
973,07.18.19 02:01:28 PM,45.829
974,07.18.19 02:16:28 PM,48.288
975,07.18.19 02:31:28 PM,45.829
976,07.18.19 02:46:28 PM,32.394
977,07.18.19 03:01:28 PM,34.903
978,07.18.19 03:16:28 PM,33.118
979,07.18.19 03:31:28 PM,31.472
980,07.18.19 03:46:28 PM,34.691
981,07.18.19 04:01:28 PM,36.728
982,07.18.19 04:16:28 PM,37.494
983,07.18.19 04:31:28 PM,35.435
984,07.18.19 04:46:28 PM,36.837
985,07.18.19 05:01:28 PM,36.079
986,07.18.19 05:16:28 PM,33.535
987,07.18.19 05:31:28 PM,32.086
988,07.18.19 05:46:28 PM,31.472
989,07.18.19 06:01:28 PM,30.255
990,07.18.19 06:16:28 PM,29.752
991,07.18.19 06:31:28 PM,29.352
992,07.18.19 06:46:28 PM,28.655
993,07.18.19 07:01:28 PM,27.961
994,07.18.19 07:16:28 PM,26.781
995,07.18.19 07:31:28 PM,23.869
996,07.18.19 07:46:28 PM,20.901
997,07.18.19 08:01:28 PM,20.329
998,07.18.19 08:16:28 PM,19.948
999,07.18.19 08:31:28 PM,19.948
1000,07.18.19 08:46:28 PM,19.948
1001,07.18.19 09:01:28 PM,19.662
1002,07.18.19 09:16:28 PM,19.377
1003,07.18.19 09:31:28 PM,19.187
1004,07.18.19 09:46:28 PM,19.187
1005,07.18.19 10:01:28 PM,19.092
1006,07.18.19 10:16:28 PM,19.092
1007,07.18.19 10:31:28 PM,18.901
1008,07.18.19 10:46:28 PM,18.711
1009,07.18.19 11:01:28 PM,18.616
1010,07.18.19 11:16:28 PM,18.711
1011,07.18.19 11:31:28 PM,18.806
1012,07.18.19 11:46:28 PM,18.616
1013,07.19.19 12:01:28 AM,18.331
1014,07.19.19 12:16:28 AM,18.14
1015,07.19.19 12:31:28 AM,18.045
1016,07.19.19 12:46:28 AM,17.76
1017,07.19.19 01:01:28 AM,17.76
1018,07.19.19 01:16:28 AM,17.76
1019,07.19.19 01:31:28 AM,17.76
1020,07.19.19 01:46:28 AM,17.76
1021,07.19.19 02:01:28 AM,17.665
1022,07.19.19 02:16:28 AM,17.475
1023,07.19.19 02:31:28 AM,17.57
1024,07.19.19 02:46:28 AM,17.665
1025,07.19.19 03:01:28 AM,17.57
1026,07.19.19 03:16:28 AM,17.57
1027,07.19.19 03:31:28 AM,17.475
1028,07.19.19 03:46:28 AM,17.475
1029,07.19.19 04:01:28 AM,17.57
1030,07.19.19 04:16:28 AM,17.284
1031,07.19.19 04:31:28 AM,17.284
1032,07.19.19 04:46:28 AM,17.189
1033,07.19.19 05:01:28 AM,17.189
1034,07.19.19 05:16:28 AM,17.284
1035,07.19.19 05:31:28 AM,17.189
1036,07.19.19 05:46:28 AM,17.189
1037,07.19.19 06:01:28 AM,17.094
1038,07.19.19 06:16:28 AM,17.189
1039,07.19.19 06:31:28 AM,17.379
1040,07.19.19 06:46:28 AM,17.57
1041,07.19.19 07:01:28 AM,17.76
1042,07.19.19 07:16:28 AM,18.045
1043,07.19.19 07:31:28 AM,18.521
1044,07.19.19 07:46:28 AM,18.996
1045,07.19.19 08:01:28 AM,19.377
1046,07.19.19 08:16:28 AM,20.043
1047,07.19.19 08:31:28 AM,20.519
1048,07.19.19 08:46:28 AM,20.996
1049,07.19.19 09:01:28 AM,22.046
1050,07.19.19 09:16:28 AM,22.908
1051,07.19.19 09:31:28 AM,25.222
1052,07.19.19 09:46:28 AM,25.805
1053,07.19.19 10:01:28 AM,27.665
1054,07.19.19 10:16:28 AM,29.452
1055,07.19.19 10:31:28 AM,29.853
1056,07.19.19 10:46:28 AM,31.268
1057,07.19.19 11:01:28 AM,31.983
1058,07.19.19 11:16:28 AM,33.222
1059,07.19.19 11:31:28 AM,31.676
1060,07.19.19 11:46:28 AM,30.558
1061,07.19.19 12:01:28 PM,32.086
1062,07.19.19 12:16:28 PM,35.542
1063,07.19.19 12:31:28 PM,33.848
1064,07.19.19 12:46:28 PM,31.472
1065,07.19.19 01:01:28 PM,32.807
1066,07.19.19 01:16:28 PM,37.055
1067,07.19.19 01:31:28 PM,36.187
1068,07.19.19 01:46:28 PM,34.585
1069,07.19.19 02:01:28 PM,29.853
1070,07.19.19 02:16:28 PM,32.6
1071,07.19.19 02:31:28 PM,30.659
1072,07.19.19 02:46:28 PM,28.953
1073,07.19.19 03:01:28 PM,31.574
1074,07.19.19 03:16:28 PM,35.542
1075,07.19.19 03:31:28 PM,31.166
1076,07.19.19 03:46:28 PM,27.37
1077,07.19.19 04:01:28 PM,26.097
1078,07.19.19 04:16:28 PM,26.097
1079,07.19.19 04:31:28 PM,25.902
1080,07.19.19 04:46:28 PM,26.195
1081,07.19.19 05:01:28 PM,26.195
1082,07.19.19 05:16:28 PM,26.879
1083,07.19.19 05:31:28 PM,27.468
1084,07.19.19 05:46:28 PM,30.963
1085,07.19.19 06:01:28 PM,30.862
1086,07.19.19 06:16:28 PM,29.953
1087,07.19.19 06:31:28 PM,29.053
1088,07.19.19 06:46:28 PM,29.853
1089,07.19.19 07:01:28 PM,29.252
1090,07.19.19 07:16:28 PM,28.456
1091,07.19.19 07:31:28 PM,26.683
1092,07.19.19 07:46:28 PM,25.61
1093,07.19.19 08:01:28 PM,24.835
1094,07.19.19 08:16:28 PM,24.062
1095,07.19.19 08:31:28 PM,23.292
1096,07.19.19 08:46:28 PM,22.621
1097,07.19.19 09:01:28 PM,21.951
1098,07.19.19 09:16:28 PM,21.282
1099,07.19.19 09:31:28 PM,20.901
1100,07.19.19 09:46:28 PM,20.519
1101,07.19.19 10:01:28 PM,20.329
1102,07.19.19 10:16:28 PM,20.043
1103,07.19.19 10:31:28 PM,19.662
1104,07.19.19 10:46:28 PM,19.472
1105,07.19.19 11:01:28 PM,19.282
1106,07.19.19 11:16:28 PM,19.092
1107,07.19.19 11:31:28 PM,18.901
1108,07.19.19 11:46:28 PM,18.711
1109,07.20.19 12:01:28 AM,18.521
1110,07.20.19 12:16:28 AM,18.331
1111,07.20.19 12:31:28 AM,18.14
1112,07.20.19 12:46:28 AM,17.95
1113,07.20.19 01:01:28 AM,17.76
1114,07.20.19 01:16:28 AM,17.57
1115,07.20.19 01:31:28 AM,17.379
1116,07.20.19 01:46:28 AM,17.189
1117,07.20.19 02:01:28 AM,17.094
1118,07.20.19 02:16:28 AM,16.999
1119,07.20.19 02:31:28 AM,16.808
1120,07.20.19 02:46:28 AM,16.713
1121,07.20.19 03:01:28 AM,16.618
1122,07.20.19 03:16:28 AM,16.523
1123,07.20.19 03:31:28 AM,16.427
1124,07.20.19 03:46:28 AM,16.332
1125,07.20.19 04:01:28 AM,16.237
1126,07.20.19 04:16:28 AM,16.141
1127,07.20.19 04:31:28 AM,16.046
1128,07.20.19 04:46:28 AM,15.951
1129,07.20.19 05:01:28 AM,15.855
1130,07.20.19 05:16:28 AM,15.664
1131,07.20.19 05:31:28 AM,15.569
1132,07.20.19 05:46:28 AM,15.473
1133,07.20.19 06:01:28 AM,15.473
1134,07.20.19 06:16:28 AM,15.569
1135,07.20.19 06:31:28 AM,15.951
1136,07.20.19 06:46:28 AM,18.045
1137,07.20.19 07:01:28 AM,19.948
1138,07.20.19 07:16:28 AM,21.091
1139,07.20.19 07:31:28 AM,22.333
1140,07.20.19 07:46:28 AM,23.388
1141,07.20.19 08:01:28 AM,25.125
1142,07.20.19 08:16:28 AM,26.683
1143,07.20.19 08:31:28 AM,29.552
1144,07.20.19 08:46:28 AM,32.6
1145,07.20.19 09:01:28 AM,32.6
1146,07.20.19 09:16:28 AM,33.014
1147,07.20.19 09:31:28 AM,33.953
1148,07.20.19 09:46:28 AM,34.585
1149,07.20.19 10:01:28 AM,33.743
1150,07.20.19 10:16:28 AM,33.953
1151,07.20.19 10:31:28 AM,34.374
1152,07.20.19 10:46:28 AM,35.542
1153,07.20.19 11:01:28 AM,36.403
1154,07.20.19 11:16:28 AM,36.62
1155,07.20.19 11:31:28 AM,34.691
1156,07.20.19 11:46:28 AM,35.649
1157,07.20.19 12:01:28 PM,36.946
1158,07.20.19 12:16:28 PM,37.165
1159,07.20.19 12:31:28 PM,32.911
1160,07.20.19 12:46:28 PM,27.567
1161,07.20.19 01:01:28 PM,29.452
1162,07.20.19 01:16:28 PM,29.552
1163,07.20.19 01:31:28 PM,33.118
1164,07.20.19 01:46:28 PM,34.163
1165,07.20.19 02:01:28 PM,37.384
1166,07.20.19 02:16:28 PM,40.185
1167,07.20.19 02:31:28 PM,41.225
1168,07.20.19 02:46:28 PM,40.415
1169,07.20.19 03:01:28 PM,40.992
1170,07.20.19 03:16:28 PM,34.374
1171,07.20.19 03:31:28 PM,39.389
1172,07.20.19 03:46:28 PM,43.601
1173,07.20.19 04:01:28 PM,43.966
1174,07.20.19 04:16:28 PM,44.952
1175,07.20.19 04:31:28 PM,47.238
1176,07.20.19 04:46:28 PM,46.465
1177,07.20.19 05:01:28 PM,40.645
1178,07.20.19 05:16:28 PM,39.729
1179,07.20.19 05:31:28 PM,40.992
1180,07.20.19 05:46:28 PM,39.389
1181,07.20.19 06:01:28 PM,35.756
1182,07.20.19 06:16:28 PM,32.086
1183,07.20.19 06:31:28 PM,29.953
1184,07.20.19 06:46:28 PM,29.652
1185,07.20.19 07:01:28 PM,26.977
1186,07.20.19 07:16:28 PM,25.708
1187,07.20.19 07:31:28 PM,24.351
1188,07.20.19 07:46:28 PM,25.416
1189,07.20.19 08:01:28 PM,25.513
1190,07.20.19 08:16:28 PM,24.931
1191,07.20.19 08:31:28 PM,24.448
1192,07.20.19 08:46:28 PM,24.158
1193,07.20.19 09:01:28 PM,23.966
1194,07.20.19 09:16:28 PM,23.677
1195,07.20.19 09:31:28 PM,23.292
1196,07.20.19 09:46:28 PM,22.908
1197,07.20.19 10:01:28 PM,22.717
1198,07.20.19 10:16:28 PM,22.621
1199,07.20.19 10:31:28 PM,22.429
1200,07.20.19 10:46:28 PM,22.046
1201,07.20.19 11:01:28 PM,21.76
1202,07.20.19 11:16:28 PM,21.569
1203,07.20.19 11:31:28 PM,21.569
1204,07.20.19 11:46:28 PM,21.569
1205,07.21.19 12:01:28 AM,21.76
1206,07.21.19 12:16:28 AM,21.664
1207,07.21.19 12:31:28 AM,19.282
1208,07.21.19 12:46:28 AM,19.472
1209,07.21.19 01:01:28 AM,19.187
1210,07.21.19 01:16:28 AM,19.187
1211,07.21.19 01:31:28 AM,19.282
1212,07.21.19 01:46:28 AM,19.282
1213,07.21.19 02:01:28 AM,19.092
1214,07.21.19 02:16:28 AM,19.187
1215,07.21.19 02:31:28 AM,19.472
1216,07.21.19 02:46:28 AM,19.662
1217,07.21.19 03:01:28 AM,19.567
1218,07.21.19 03:16:28 AM,19.567
1219,07.21.19 03:31:28 AM,19.187
1220,07.21.19 03:46:28 AM,19.282
1221,07.21.19 04:01:28 AM,19.472
1222,07.21.19 04:16:28 AM,19.282
1223,07.21.19 04:31:28 AM,19.092
1224,07.21.19 04:46:28 AM,19.092
1225,07.21.19 05:01:28 AM,18.711
1226,07.21.19 05:16:28 AM,18.901
1227,07.21.19 05:31:28 AM,18.806
1228,07.21.19 05:46:28 AM,18.901
1229,07.21.19 06:01:28 AM,18.711
1230,07.21.19 06:16:28 AM,18.711
1231,07.21.19 06:31:28 AM,18.616
1232,07.21.19 06:46:28 AM,18.806
1233,07.21.19 07:01:28 AM,19.187
1234,07.21.19 07:16:28 AM,21.473
1235,07.21.19 07:31:28 AM,22.621
1236,07.21.19 07:46:28 AM,23.292
1237,07.21.19 08:01:28 AM,24.255
1238,07.21.19 08:16:28 AM,25.319
1239,07.21.19 08:31:28 AM,26.195
1240,07.21.19 08:46:28 AM,27.567
1241,07.21.19 09:01:28 AM,29.152
1242,07.21.19 09:16:28 AM,28.953
1243,07.21.19 09:31:28 AM,30.154
1244,07.21.19 09:46:28 AM,30.457
1245,07.21.19 10:01:28 AM,31.268
1246,07.21.19 10:16:28 AM,29.352
1247,07.21.19 10:31:28 AM,30.356
1248,07.21.19 10:46:28 AM,31.983
1249,07.21.19 11:01:28 AM,32.6
1250,07.21.19 11:16:28 AM,30.255
1251,07.21.19 11:31:28 AM,32.394
1252,07.21.19 11:46:28 AM,30.963
1253,07.21.19 12:01:28 PM,33.118
1254,07.21.19 12:16:28 PM,34.691
1255,07.21.19 12:31:28 PM,35.328
1256,07.21.19 12:46:28 PM,35.115
1257,07.21.19 01:01:28 PM,35.971
1258,07.21.19 01:16:28 PM,38.379
1259,07.21.19 01:31:28 PM,38.046
1260,07.21.19 01:46:28 PM,39.163
1261,07.21.19 02:01:28 PM,42.164
1262,07.21.19 02:16:28 PM,43.359
1263,07.21.19 02:31:28 PM,33.848
1264,07.21.19 02:46:28 PM,35.542
1265,07.21.19 03:01:28 PM,34.691
1266,07.21.19 03:16:28 PM,37.604
1267,07.21.19 03:31:28 PM,37.935
1268,07.21.19 03:46:28 PM,34.374
1269,07.21.19 04:01:28 PM,35.542
1270,07.21.19 04:16:28 PM,39.615
1271,07.21.19 04:31:28 PM,40.992
1272,07.21.19 04:46:28 PM,38.714
1273,07.21.19 05:01:28 PM,34.903
1274,07.21.19 05:16:28 PM,38.714
1275,07.21.19 05:31:28 PM,39.276
1276,07.21.19 05:46:28 PM,40.415
1277,07.21.19 06:01:28 PM,39.502
1278,07.21.19 06:16:28 PM,36.728
1279,07.21.19 06:31:28 PM,39.163
1280,07.21.19 06:46:28 PM,36.728
1281,07.21.19 07:01:28 PM,34.691
1282,07.21.19 07:16:28 PM,31.88
1283,07.21.19 07:31:28 PM,28.754
1284,07.21.19 07:46:28 PM,28.06
1285,07.21.19 08:01:28 PM,27.173
1286,07.21.19 08:16:28 PM,26.195
1287,07.21.19 08:31:28 PM,25.708
1288,07.21.19 08:46:28 PM,25.222
1289,07.21.19 09:01:28 PM,24.545
1290,07.21.19 09:16:28 PM,23.677
1291,07.21.19 09:31:28 PM,22.812
1292,07.21.19 09:46:28 PM,22.046
1293,07.21.19 10:01:28 PM,21.473
1294,07.21.19 10:16:28 PM,20.901
1295,07.21.19 10:31:28 PM,20.901
1296,07.21.19 10:46:28 PM,20.71
1297,07.21.19 11:01:28 PM,20.424
1298,07.21.19 11:16:28 PM,20.138
1299,07.21.19 11:31:28 PM,19.853
1300,07.21.19 11:46:28 PM,19.567
1301,07.22.19 12:01:28 AM,19.377
1302,07.22.19 12:16:28 AM,19.282
1303,07.22.19 12:31:28 AM,19.282
1304,07.22.19 12:46:28 AM,19.092
1305,07.22.19 01:01:28 AM,18.996
1306,07.22.19 01:16:28 AM,18.806
1307,07.22.19 01:31:28 AM,18.616
1308,07.22.19 01:46:28 AM,18.426
1309,07.22.19 02:01:28 AM,18.236
1310,07.22.19 02:16:28 AM,18.045
1311,07.22.19 02:31:28 AM,17.95
1312,07.22.19 02:46:28 AM,17.855
1313,07.22.19 03:01:28 AM,17.76
1314,07.22.19 03:16:28 AM,17.57
1315,07.22.19 03:31:28 AM,17.57
1316,07.22.19 03:46:28 AM,17.379
1317,07.22.19 04:01:28 AM,17.284
1318,07.22.19 04:16:28 AM,17.094
1319,07.22.19 04:31:28 AM,16.903
1320,07.22.19 04:46:28 AM,16.713
1321,07.22.19 05:01:28 AM,16.523
1322,07.22.19 05:16:28 AM,16.427
1323,07.22.19 05:31:28 AM,16.332
1324,07.22.19 05:46:28 AM,16.332
1325,07.22.19 06:01:28 AM,16.332
1326,07.22.19 06:16:28 AM,16.523
1327,07.22.19 06:31:28 AM,16.713
1328,07.22.19 06:46:28 AM,17.76
1329,07.22.19 07:01:28 AM,19.472
1330,07.22.19 07:16:28 AM,21.091
1331,07.22.19 07:31:28 AM,22.333
1332,07.22.19 07:46:28 AM,23.773
1333,07.22.19 08:01:28 AM,24.641
1334,07.22.19 08:16:28 AM,26
1335,07.22.19 08:31:28 AM,28.258
1336,07.22.19 08:46:28 AM,29.352
1337,07.22.19 09:01:28 AM,30.659
1338,07.22.19 09:16:28 AM,30.558
1339,07.22.19 09:31:28 AM,33.118
1340,07.22.19 09:46:28 AM,33.43
1341,07.22.19 10:01:28 AM,31.472
1342,07.22.19 10:16:28 AM,30.356
1343,07.22.19 10:31:28 AM,33.118
1344,07.22.19 10:46:28 AM,32.807
1345,07.22.19 11:01:28 AM,33.848
1346,07.22.19 11:16:28 AM,30.255
1347,07.22.19 11:31:28 AM,27.862
1348,07.22.19 11:46:28 AM,27.862
1349,07.22.19 12:01:28 PM,29.152
1350,07.22.19 12:16:28 PM,29.352
1351,07.22.19 12:31:28 PM,29.853
1352,07.22.19 12:46:28 PM,30.054
1353,07.22.19 01:01:28 PM,29.752
1354,07.22.19 01:16:28 PM,33.222
1355,07.22.19 01:31:28 PM,33.953
1356,07.22.19 01:46:28 PM,34.585
1357,07.22.19 02:01:28 PM,36.079
1358,07.22.19 02:16:28 PM,37.165
1359,07.22.19 02:31:28 PM,36.295
1360,07.22.19 02:46:28 PM,30.76
1361,07.22.19 03:01:28 PM,32.6
1362,07.22.19 03:16:28 PM,34.903
1363,07.22.19 03:31:28 PM,35.328
1364,07.22.19 03:46:28 PM,37.165
1365,07.22.19 04:01:28 PM,39.05
1366,07.22.19 04:16:28 PM,35.864
1367,07.22.19 04:31:28 PM,33.743
1368,07.22.19 04:46:28 PM,35.864
1369,07.22.19 05:01:28 PM,40.185
1370,07.22.19 05:16:28 PM,40.876
1371,07.22.19 05:31:28 PM,40.876
1372,07.22.19 05:46:28 PM,43.48
1373,07.22.19 06:01:28 PM,44.828
1374,07.22.19 06:16:28 PM,43.238
1375,07.22.19 06:31:28 PM,43.48
1376,07.22.19 06:46:28 PM,40.185
1377,07.22.19 07:01:28 PM,38.046
1378,07.22.19 07:16:28 PM,33.118
1379,07.22.19 07:31:28 PM,29.452
1380,07.22.19 07:46:28 PM,27.862
1381,07.22.19 08:01:28 PM,26.977
1382,07.22.19 08:16:28 PM,26.195
1383,07.22.19 08:31:28 PM,25.513
1384,07.22.19 08:46:28 PM,24.835
1385,07.22.19 09:01:28 PM,24.255
1386,07.22.19 09:16:28 PM,23.773
1387,07.22.19 09:31:28 PM,23.196
1388,07.22.19 09:46:28 PM,22.717
1389,07.22.19 10:01:28 PM,22.238
1390,07.22.19 10:16:28 PM,21.855
1391,07.22.19 10:31:28 PM,21.569
1392,07.22.19 10:46:28 PM,21.282
1393,07.22.19 11:01:28 PM,20.996
1394,07.22.19 11:16:28 PM,20.71
1395,07.22.19 11:31:28 PM,20.424
1396,07.22.19 11:46:28 PM,20.234
1397,07.23.19 12:01:28 AM,20.138
1398,07.23.19 12:16:28 AM,19.758
1399,07.23.19 12:31:28 AM,19.567
1400,07.23.19 12:46:28 AM,19.282
1401,07.23.19 01:01:28 AM,19.092
1402,07.23.19 01:16:28 AM,18.996
1403,07.23.19 01:31:28 AM,18.806
1404,07.23.19 01:46:28 AM,18.616
1405,07.23.19 02:01:28 AM,18.426
1406,07.23.19 02:16:28 AM,18.236
1407,07.23.19 02:31:28 AM,18.045
1408,07.23.19 02:46:28 AM,17.95
1409,07.23.19 03:01:28 AM,17.855
1410,07.23.19 03:16:28 AM,17.855
1411,07.23.19 03:31:28 AM,17.57
1412,07.23.19 03:46:28 AM,17.379
1413,07.23.19 04:01:28 AM,17.284
1414,07.23.19 04:16:28 AM,17.094
1415,07.23.19 04:31:28 AM,16.999
1416,07.23.19 04:46:28 AM,16.808
1417,07.23.19 05:01:28 AM,16.618
1418,07.23.19 05:16:28 AM,16.523
1419,07.23.19 05:31:28 AM,16.427
1420,07.23.19 05:46:28 AM,16.523
1421,07.23.19 06:01:28 AM,16.523
1422,07.23.19 06:16:28 AM,16.523
1423,07.23.19 06:31:28 AM,16.999
1424,07.23.19 06:46:28 AM,19.092
1425,07.23.19 07:01:28 AM,20.615
1426,07.23.19 07:16:28 AM,22.238
1427,07.23.19 07:31:28 AM,23.292
1428,07.23.19 07:46:28 AM,25.513
1429,07.23.19 08:01:28 AM,29.652
1430,07.23.19 08:16:28 AM,32.086
1431,07.23.19 08:31:28 AM,33.639
1432,07.23.19 08:46:28 AM,26.585
1433,07.23.19 09:01:28 AM,27.961
1434,07.23.19 09:16:28 AM,29.152
1435,07.23.19 09:31:28 AM,31.472
1436,07.23.19 09:46:28 AM,33.014
1437,07.23.19 10:01:28 AM,33.743
1438,07.23.19 10:16:28 AM,31.574
1439,07.23.19 10:31:28 AM,32.704
1440,07.23.19 10:46:28 AM,35.542
1441,07.23.19 11:01:28 AM,37.494
1442,07.23.19 11:16:28 AM,38.714
1443,07.23.19 11:31:28 AM,39.729
1444,07.23.19 11:46:28 AM,39.05
1445,07.23.19 12:01:28 PM,38.602
1446,07.23.19 12:16:28 PM,38.49
1447,07.23.19 12:31:28 PM,38.157
1448,07.23.19 12:46:28 PM,38.268
1449,07.23.19 01:01:28 PM,32.086
1450,07.23.19 01:16:28 PM,29.252
1451,07.23.19 01:31:28 PM,31.472
1452,07.23.19 01:46:28 PM,34.163
1453,07.23.19 02:01:28 PM,37.165
1454,07.23.19 02:16:28 PM,36.403
1455,07.23.19 02:31:28 PM,37.274
1456,07.23.19 02:46:28 PM,38.826
1457,07.23.19 03:01:28 PM,42.282
1458,07.23.19 03:16:28 PM,43.723
1459,07.23.19 03:31:28 PM,35.756
1460,07.23.19 03:46:28 PM,33.743
1461,07.23.19 04:01:28 PM,36.079
1462,07.23.19 04:16:28 PM,38.714
1463,07.23.19 04:31:28 PM,39.502
1464,07.23.19 04:46:28 PM,40.992
1465,07.23.19 05:01:28 PM,41.81
1466,07.23.19 05:16:28 PM,43.48
1467,07.23.19 05:31:28 PM,47.629
1468,07.23.19 05:46:28 PM,47.238
1469,07.23.19 06:01:28 PM,46.85
1470,07.23.19 06:16:28 PM,45.201
1471,07.23.19 06:31:28 PM,42.998
1472,07.23.19 06:46:28 PM,42.046
1473,07.23.19 07:01:28 PM,40.3
1474,07.23.19 07:16:28 PM,35.328
1475,07.23.19 07:31:28 PM,32.807
1476,07.23.19 07:46:28 PM,31.574
1477,07.23.19 08:01:28 PM,30.862
1478,07.23.19 08:16:28 PM,30.255
1479,07.23.19 08:31:28 PM,29.053
1480,07.23.19 08:46:28 PM,28.159
1481,07.23.19 09:01:28 PM,27.272
1482,07.23.19 09:16:28 PM,26.488
1483,07.23.19 09:31:28 PM,26
1484,07.23.19 09:46:28 PM,25.61
1485,07.23.19 10:01:28 PM,25.125
1486,07.23.19 10:16:28 PM,24.641
1487,07.23.19 10:31:28 PM,24.255
1488,07.23.19 10:46:28 PM,23.773
1489,07.23.19 11:01:28 PM,23.388
1490,07.23.19 11:16:28 PM,23.1
1491,07.23.19 11:31:28 PM,22.812
1492,07.23.19 11:46:28 PM,22.621
1493,07.24.19 12:01:28 AM,22.429
1494,07.24.19 12:16:28 AM,22.142
1495,07.24.19 12:31:28 AM,21.951
1496,07.24.19 12:46:28 AM,21.855
1497,07.24.19 01:01:28 AM,21.664
1498,07.24.19 01:16:28 AM,21.473
1499,07.24.19 01:31:28 AM,21.282
1500,07.24.19 01:46:28 AM,21.187
1501,07.24.19 02:01:28 AM,20.901
1502,07.24.19 02:16:28 AM,20.71
1503,07.24.19 02:31:28 AM,20.424
1504,07.24.19 02:46:28 AM,20.329
1505,07.24.19 03:01:28 AM,20.138
1506,07.24.19 03:16:28 AM,20.043
1507,07.24.19 03:31:28 AM,19.853
1508,07.24.19 03:46:28 AM,19.758
1509,07.24.19 04:01:28 AM,19.472
1510,07.24.19 04:16:28 AM,19.282
1511,07.24.19 04:31:28 AM,19.187
1512,07.24.19 04:46:28 AM,19.092
1513,07.24.19 05:01:28 AM,18.996
1514,07.24.19 05:16:28 AM,18.901
1515,07.24.19 05:31:28 AM,18.806
1516,07.24.19 05:46:28 AM,18.806
1517,07.24.19 06:01:28 AM,18.711
1518,07.24.19 06:16:28 AM,18.901
1519,07.24.19 06:31:28 AM,19.092
1520,07.24.19 06:46:28 AM,20.234
1521,07.24.19 07:01:28 AM,21.282
1522,07.24.19 07:16:28 AM,22.429
1523,07.24.19 07:31:28 AM,24.448
1524,07.24.19 07:46:28 AM,26.585
1525,07.24.19 08:01:28 AM,28.357
1526,07.24.19 08:16:28 AM,26
1527,07.24.19 08:31:28 AM,27.468
1528,07.24.19 08:46:28 AM,29.252
1529,07.24.19 09:01:28 AM,30.457
1530,07.24.19 09:16:28 AM,32.497
1531,07.24.19 09:31:28 AM,34.691
1532,07.24.19 09:46:28 AM,35.542
1533,07.24.19 10:01:28 AM,35.542
1534,07.24.19 10:16:28 AM,33.535
1535,07.24.19 10:31:28 AM,34.585
1536,07.24.19 10:46:28 AM,36.403
1537,07.24.19 11:01:28 AM,37.714
1538,07.24.19 11:16:28 AM,37.494
1539,07.24.19 11:31:28 AM,38.602
1540,07.24.19 11:46:28 AM,40.3
1541,07.24.19 12:01:28 PM,40.761
1542,07.24.19 12:16:28 PM,33.743
1543,07.24.19 12:31:28 PM,28.555
1544,07.24.19 12:46:28 PM,29.452
1545,07.24.19 01:01:28 PM,31.983
1546,07.24.19 01:16:28 PM,33.118
1547,07.24.19 01:31:28 PM,33.953
1548,07.24.19 01:46:28 PM,34.903
1549,07.24.19 02:01:28 PM,36.62
1550,07.24.19 02:16:28 PM,40.876
1551,07.24.19 02:31:28 PM,41.81
1552,07.24.19 02:46:28 PM,41.81
1553,07.24.19 03:01:28 PM,42.046
1554,07.24.19 03:16:28 PM,45.452
1555,07.24.19 03:31:28 PM,48.554
1556,07.24.19 03:46:28 PM,50.734
1557,07.24.19 04:01:28 PM,51.436
1558,07.24.19 04:16:28 PM,49.36
1559,07.24.19 04:31:28 PM,34.374
1560,07.24.19 04:46:28 PM,36.187
1561,07.24.19 05:01:28 PM,38.268
1562,07.24.19 05:16:28 PM,39.843
1563,07.24.19 05:31:28 PM,41.575
1564,07.24.19 05:46:28 PM,44.58
1565,07.24.19 06:01:28 PM,43.723
1566,07.24.19 06:16:28 PM,43.48
1567,07.24.19 06:31:28 PM,43.844
1568,07.24.19 06:46:28 PM,43.359
1569,07.24.19 07:01:28 PM,41.341
1570,07.24.19 07:16:28 PM,36.511
1571,07.24.19 07:31:28 PM,33.743
1572,07.24.19 07:46:28 PM,32.911
1573,07.24.19 08:01:28 PM,32.394
1574,07.24.19 08:16:28 PM,32.086
1575,07.24.19 08:31:28 PM,31.166
1576,07.24.19 08:46:28 PM,29.953
1577,07.24.19 09:01:28 PM,28.953
1578,07.24.19 09:16:28 PM,28.159
1579,07.24.19 09:31:28 PM,27.468
1580,07.24.19 09:46:28 PM,26.781
1581,07.24.19 10:01:28 PM,26.39
1582,07.24.19 10:16:28 PM,26
1583,07.24.19 10:31:28 PM,25.513
1584,07.24.19 10:46:28 PM,25.319
1585,07.24.19 11:01:28 PM,25.125
1586,07.24.19 11:16:28 PM,24.835
1587,07.24.19 11:31:28 PM,24.641
1588,07.24.19 11:46:28 PM,24.448
1589,07.25.19 12:01:28 AM,24.255
1590,07.25.19 12:16:28 AM,24.062
1591,07.25.19 12:31:28 AM,23.869
1592,07.25.19 12:46:28 AM,23.581
1593,07.25.19 01:01:28 AM,23.484
1594,07.25.19 01:16:28 AM,23.292
1595,07.25.19 01:31:28 AM,23.1
1596,07.25.19 01:46:28 AM,22.908
1597,07.25.19 02:01:28 AM,22.812
1598,07.25.19 02:16:28 AM,22.621
1599,07.25.19 02:31:28 AM,22.333
1600,07.25.19 02:46:28 AM,22.238
1601,07.25.19 03:01:28 AM,22.046
1602,07.25.19 03:16:28 AM,21.855
1603,07.25.19 03:31:28 AM,21.664
1604,07.25.19 03:46:28 AM,21.378
1605,07.25.19 04:01:28 AM,21.282
1606,07.25.19 04:16:28 AM,21.187
1607,07.25.19 04:31:28 AM,21.091
1608,07.25.19 04:46:28 AM,21.091
1609,07.25.19 05:01:28 AM,20.996
1610,07.25.19 05:16:28 AM,20.805
1611,07.25.19 05:31:28 AM,20.615
1612,07.25.19 05:46:28 AM,20.615
1613,07.25.19 06:01:28 AM,20.615
1614,07.25.19 06:16:28 AM,20.901
1615,07.25.19 06:31:28 AM,21.187
1616,07.25.19 06:46:28 AM,22.238
1617,07.25.19 07:01:28 AM,22.908
1618,07.25.19 07:16:28 AM,23.869
1619,07.25.19 07:31:28 AM,25.125
1620,07.25.19 07:46:28 AM,26.977
1621,07.25.19 08:01:28 AM,28.953
1622,07.25.19 08:16:28 AM,32.704
1623,07.25.19 08:31:28 AM,26.879
1624,07.25.19 08:46:28 AM,27.665
1625,07.25.19 09:01:28 AM,27.862
1626,07.25.19 09:16:28 AM,29.853
1627,07.25.19 09:31:28 AM,31.37
1628,07.25.19 09:46:28 AM,32.086
1629,07.25.19 10:01:28 AM,30.659
1630,07.25.19 10:16:28 AM,32.497
1631,07.25.19 10:31:28 AM,34.268
1632,07.25.19 10:46:28 AM,30.76
1633,07.25.19 11:01:28 AM,32.394
1634,07.25.19 11:16:28 AM,32.911
1635,07.25.19 11:31:28 AM,37.274
1636,07.25.19 11:46:28 AM,38.714
1637,07.25.19 12:01:28 PM,38.046
1638,07.25.19 12:16:28 PM,41.458
1639,07.25.19 12:31:28 PM,31.064
1640,07.25.19 12:46:28 PM,31.676
1641,07.25.19 01:01:28 PM,33.535
1642,07.25.19 01:16:28 PM,34.796
1643,07.25.19 01:31:28 PM,34.796
1644,07.25.19 01:46:28 PM,40.071
1645,07.25.19 02:01:28 PM,43.359
1646,07.25.19 02:16:28 PM,49.09
1647,07.25.19 02:31:28 PM,33.953
1648,07.25.19 02:46:28 PM,32.497
1649,07.25.19 03:01:28 PM,34.585
1650,07.25.19 03:16:28 PM,35.222
1651,07.25.19 03:31:28 PM,36.403
1652,07.25.19 03:46:28 PM,41.81
1653,07.25.19 04:01:28 PM,43.966
1654,07.25.19 04:16:28 PM,33.848
1655,07.25.19 04:31:28 PM,34.585
1656,07.25.19 04:46:28 PM,35.971
1657,07.25.19 05:01:28 PM,35.756
1658,07.25.19 05:16:28 PM,37.384
1659,07.25.19 05:31:28 PM,36.728
1660,07.25.19 05:46:28 PM,39.957
1661,07.25.19 06:01:28 PM,41.928
1662,07.25.19 06:16:28 PM,41.81
1663,07.25.19 06:31:28 PM,41.458
1664,07.25.19 06:46:28 PM,40.761
1665,07.25.19 07:01:28 PM,39.502
1666,07.25.19 07:16:28 PM,35.756
1667,07.25.19 07:31:28 PM,33.535
1668,07.25.19 07:46:28 PM,32.704
1669,07.25.19 08:01:28 PM,31.983
1670,07.25.19 08:16:28 PM,31.064
1671,07.25.19 08:31:28 PM,30.054
1672,07.25.19 08:46:28 PM,29.352
1673,07.25.19 09:01:28 PM,28.754
1674,07.25.19 09:16:28 PM,28.159
1675,07.25.19 09:31:28 PM,27.665
1676,07.25.19 09:46:28 PM,27.173
1677,07.25.19 10:01:28 PM,26.781
1678,07.25.19 10:16:28 PM,26.39
1679,07.25.19 10:31:28 PM,26.195
1680,07.25.19 10:46:28 PM,25.902
1681,07.25.19 11:01:28 PM,25.61
1682,07.25.19 11:16:28 PM,25.416
1683,07.25.19 11:31:28 PM,25.222
1684,07.25.19 11:46:28 PM,25.028
1685,07.26.19 12:01:28 AM,24.835
1686,07.26.19 12:16:28 AM,24.641
1687,07.26.19 12:31:28 AM,24.641
1688,07.26.19 12:46:28 AM,24.545
1689,07.26.19 01:01:28 AM,24.351
1690,07.26.19 01:16:28 AM,24.255
1691,07.26.19 01:31:28 AM,24.158
1692,07.26.19 01:46:28 AM,23.966
1693,07.26.19 02:01:28 AM,23.773
1694,07.26.19 02:16:28 AM,23.677
1695,07.26.19 02:31:28 AM,23.581
1696,07.26.19 02:46:28 AM,23.388
1697,07.26.19 03:01:28 AM,23.196
1698,07.26.19 03:16:28 AM,23.1
1699,07.26.19 03:31:28 AM,22.908
1700,07.26.19 03:46:28 AM,22.812
1701,07.26.19 04:01:28 AM,22.717
1702,07.26.19 04:16:28 AM,22.621
1703,07.26.19 04:31:28 AM,22.429
1704,07.26.19 04:46:28 AM,22.333
1705,07.26.19 05:01:28 AM,22.238
1706,07.26.19 05:16:28 AM,22.142
1707,07.26.19 05:31:28 AM,21.951
1708,07.26.19 05:46:28 AM,21.951
1709,07.26.19 06:01:28 AM,22.238
1710,07.26.19 06:16:28 AM,22.333
1711,07.26.19 06:31:28 AM,22.429
1712,07.26.19 06:46:28 AM,22.717
1713,07.26.19 07:01:28 AM,23.581
1714,07.26.19 07:16:28 AM,24.738
1715,07.26.19 07:31:28 AM,25.61
1716,07.26.19 07:46:28 AM,27.173
1717,07.26.19 08:01:28 AM,27.862
1718,07.26.19 08:16:28 AM,28.754
1719,07.26.19 08:31:28 AM,29.352
1720,07.26.19 08:46:28 AM,32.086
1721,07.26.19 09:01:28 AM,33.848
1722,07.26.19 09:16:28 AM,36.837
1723,07.26.19 09:31:28 AM,38.602
1724,07.26.19 09:46:28 AM,29.652
1725,07.26.19 10:01:28 AM,29.853
1726,07.26.19 10:16:28 AM,31.983
1727,07.26.19 10:31:28 AM,33.639
1728,07.26.19 10:46:28 AM,34.903
1729,07.26.19 11:01:28 AM,34.903
1730,07.26.19 11:16:28 AM,34.479
1731,07.26.19 11:31:28 AM,35.115
1732,07.26.19 11:46:28 AM,37.055
1733,07.26.19 12:01:28 PM,36.946
1734,07.26.19 12:16:28 PM,37.384
1735,07.26.19 12:31:28 PM,37.384
1736,07.26.19 12:46:28 PM,38.602
1737,07.26.19 01:01:28 PM,41.341
1738,07.26.19 01:16:28 PM,31.983
1739,07.26.19 01:31:28 PM,33.118
1740,07.26.19 01:46:28 PM,35.115
1741,07.26.19 02:01:28 PM,37.714
1742,07.26.19 02:16:28 PM,41.692
1743,07.26.19 02:31:28 PM,41.225
1744,07.26.19 02:46:28 PM,41.692
1745,07.26.19 03:01:28 PM,33.222
1746,07.26.19 03:16:28 PM,35.115
1747,07.26.19 03:31:28 PM,35.649
1748,07.26.19 03:46:28 PM,37.055
1749,07.26.19 04:01:28 PM,38.379
1750,07.26.19 04:16:28 PM,34.479
1751,07.26.19 04:31:28 PM,36.511
1752,07.26.19 04:46:28 PM,40.071
1753,07.26.19 05:01:28 PM,40.992
1754,07.26.19 05:16:28 PM,32.497
1755,07.26.19 05:31:28 PM,31.166
1756,07.26.19 05:46:28 PM,30.356
1757,07.26.19 06:01:28 PM,30.255
1758,07.26.19 06:16:28 PM,29.953
1759,07.26.19 06:31:28 PM,30.054
1760,07.26.19 06:46:28 PM,29.853
1761,07.26.19 07:01:28 PM,29.552
1762,07.26.19 07:16:28 PM,29.953
1763,07.26.19 07:31:28 PM,29.652
1764,07.26.19 07:46:28 PM,29.352
1765,07.26.19 08:01:28 PM,28.953
1766,07.26.19 08:16:28 PM,28.555
1767,07.26.19 08:31:28 PM,28.159
1768,07.26.19 08:46:28 PM,27.862
1769,07.26.19 09:01:28 PM,27.468
1770,07.26.19 09:16:28 PM,27.272
1771,07.26.19 09:31:28 PM,26.879
1772,07.26.19 09:46:28 PM,26.683
1773,07.26.19 10:01:28 PM,26.585
1774,07.26.19 10:16:28 PM,26.585
1775,07.26.19 10:31:28 PM,26.39
1776,07.26.19 10:46:28 PM,26.292
1777,07.26.19 11:01:28 PM,26.195
1778,07.26.19 11:16:28 PM,26.097
1779,07.26.19 11:31:28 PM,26.097
1780,07.26.19 11:46:28 PM,26.195
1781,07.27.19 12:01:28 AM,26.39
1782,07.27.19 12:16:28 AM,26.488
1783,07.27.19 12:31:28 AM,25.61
1784,07.27.19 12:46:28 AM,23.966
1785,07.27.19 01:01:28 AM,23.292
1786,07.27.19 01:16:28 AM,23.004
1787,07.27.19 01:31:28 AM,23.004
1788,07.27.19 01:46:28 AM,22.142
1789,07.27.19 02:01:28 AM,22.238
1790,07.27.19 02:16:28 AM,22.429
1791,07.27.19 02:31:28 AM,22.621
1792,07.27.19 02:46:28 AM,22.525
1793,07.27.19 03:01:28 AM,22.238
1794,07.27.19 03:16:28 AM,22.238
1795,07.27.19 03:31:28 AM,22.238
1796,07.27.19 03:46:28 AM,22.333
1797,07.27.19 04:01:28 AM,21.76
1798,07.27.19 04:16:28 AM,21.378
1799,07.27.19 04:31:28 AM,21.569
1800,07.27.19 04:46:28 AM,21.76
1801,07.27.19 05:01:28 AM,21.569
1802,07.27.19 05:16:28 AM,21.76
1803,07.27.19 05:31:28 AM,22.046
1804,07.27.19 05:46:28 AM,22.142
1805,07.27.19 06:01:28 AM,22.046
1806,07.27.19 06:16:28 AM,22.046
1807,07.27.19 06:31:28 AM,21.951
1808,07.27.19 06:46:28 AM,22.142
1809,07.27.19 07:01:28 AM,22.142
1810,07.27.19 07:16:28 AM,22.142
1811,07.27.19 07:31:28 AM,22.525
1812,07.27.19 07:46:28 AM,22.621
1813,07.27.19 08:01:28 AM,22.717
1814,07.27.19 08:16:28 AM,23.388
1815,07.27.19 08:31:28 AM,23.966
1816,07.27.19 08:46:28 AM,24.351
1817,07.27.19 09:01:28 AM,24.062
1818,07.27.19 09:16:28 AM,24.738
1819,07.27.19 09:31:28 AM,24.835
1820,07.27.19 09:46:28 AM,23.966
1821,07.27.19 10:01:28 AM,24.158
1822,07.27.19 10:16:28 AM,25.513
1823,07.27.19 10:31:28 AM,26.292
1824,07.27.19 10:46:28 AM,27.075
1825,07.27.19 11:01:28 AM,27.665
1826,07.27.19 11:16:28 AM,28.655
1827,07.27.19 11:31:28 AM,29.452
1828,07.27.19 11:46:28 AM,29.452
1829,07.27.19 12:01:28 PM,29.652
1830,07.27.19 12:16:28 PM,27.468
1831,07.27.19 12:31:28 PM,28.06
1832,07.27.19 12:46:28 PM,29.053
1833,07.27.19 01:01:28 PM,29.752
1834,07.27.19 01:16:28 PM,31.778
1835,07.27.19 01:31:28 PM,29.853
1836,07.27.19 01:46:28 PM,31.574
1837,07.27.19 02:01:28 PM,34.903
1838,07.27.19 02:16:28 PM,38.826
1839,07.27.19 02:31:28 PM,35.115
1840,07.27.19 02:46:28 PM,34.268
1841,07.27.19 03:01:28 PM,35.222
1842,07.27.19 03:16:28 PM,37.824
1843,07.27.19 03:31:28 PM,34.796
1844,07.27.19 03:46:28 PM,36.295
1845,07.27.19 04:01:28 PM,38.714
1846,07.27.19 04:16:28 PM,31.88
1847,07.27.19 04:31:28 PM,31.37
1848,07.27.19 04:46:28 PM,33.326
1849,07.27.19 05:01:28 PM,28.456
1850,07.27.19 05:16:28 PM,30.255
1851,07.27.19 05:31:28 PM,33.953
1852,07.27.19 05:46:28 PM,30.558
1853,07.27.19 06:01:28 PM,31.064
1854,07.27.19 06:16:28 PM,33.743
1855,07.27.19 06:31:28 PM,34.058
1856,07.27.19 06:46:28 PM,26.585
1857,07.27.19 07:01:28 PM,24.738
1858,07.27.19 07:16:28 PM,24.641
1859,07.27.19 07:31:28 PM,23.966
1860,07.27.19 07:46:28 PM,24.062
1861,07.27.19 08:01:28 PM,24.255
1862,07.27.19 08:16:28 PM,24.351
1863,07.27.19 08:31:28 PM,24.062
1864,07.27.19 08:46:28 PM,23.966
1865,07.27.19 09:01:28 PM,23.773
1866,07.27.19 09:16:28 PM,23.677
1867,07.27.19 09:31:28 PM,23.677
1868,07.27.19 09:46:28 PM,23.581
1869,07.27.19 10:01:28 PM,23.292
1870,07.27.19 10:16:28 PM,23.484
1871,07.27.19 10:31:28 PM,23.484
1872,07.27.19 10:46:28 PM,23.292
1873,07.27.19 11:01:28 PM,23.196
1874,07.27.19 11:16:28 PM,23.196
1875,07.27.19 11:31:28 PM,23.004
1876,07.27.19 11:46:28 PM,23.196
1877,07.28.19 12:01:28 AM,23.1
1878,07.28.19 12:16:28 AM,22.908
1879,07.28.19 12:31:28 AM,22.812
1880,07.28.19 12:46:28 AM,22.621
1881,07.28.19 01:01:28 AM,22.429
1882,07.28.19 01:16:28 AM,22.429
1883,07.28.19 01:31:28 AM,22.333
1884,07.28.19 01:46:28 AM,22.429
1885,07.28.19 02:01:28 AM,22.333
1886,07.28.19 02:16:28 AM,22.333
1887,07.28.19 02:31:28 AM,22.238
1888,07.28.19 02:46:28 AM,22.142
1889,07.28.19 03:01:28 AM,22.046
1890,07.28.19 03:16:28 AM,21.951
1891,07.28.19 03:31:28 AM,21.855
1892,07.28.19 03:46:28 AM,21.951
1893,07.28.19 04:01:28 AM,21.951
1894,07.28.19 04:16:28 AM,21.76
1895,07.28.19 04:31:28 AM,21.76
1896,07.28.19 04:46:28 AM,21.76
1897,07.28.19 05:01:28 AM,21.76
1898,07.28.19 05:16:28 AM,21.76
1899,07.28.19 05:31:28 AM,21.855
1900,07.28.19 05:46:28 AM,21.855
1901,07.28.19 06:01:28 AM,21.855
1902,07.28.19 06:16:28 AM,21.664
1903,07.28.19 06:31:28 AM,21.473
1904,07.28.19 06:46:28 AM,21.473
1905,07.28.19 07:01:28 AM,21.664
1906,07.28.19 07:16:28 AM,21.855
1907,07.28.19 07:31:28 AM,21.951
1908,07.28.19 07:46:28 AM,22.238
1909,07.28.19 08:01:28 AM,22.238
1910,07.28.19 08:16:28 AM,22.717
1911,07.28.19 08:31:28 AM,23.004
1912,07.28.19 08:46:28 AM,24.835
1913,07.28.19 09:01:28 AM,25.805
1914,07.28.19 09:16:28 AM,25.222
1915,07.28.19 09:31:28 AM,24.641
1916,07.28.19 09:46:28 AM,25.319
1917,07.28.19 10:01:28 AM,24.641
1918,07.28.19 10:16:28 AM,25.708
1919,07.28.19 10:31:28 AM,25.902
1920,07.28.19 10:46:28 AM,26.195
1921,07.28.19 11:01:28 AM,26.781
1922,07.28.19 11:16:28 AM,27.272
1923,07.28.19 11:31:28 AM,27.665
1924,07.28.19 11:46:28 AM,27.862
1925,07.28.19 12:01:28 PM,27.862
1926,07.28.19 12:16:28 PM,26.39
1927,07.28.19 12:31:28 PM,26.39
1928,07.28.19 12:46:28 PM,29.452
1929,07.28.19 01:01:28 PM,30.255
1930,07.28.19 01:16:28 PM,31.064
1931,07.28.19 01:31:28 PM,32.086
1932,07.28.19 01:46:28 PM,30.558
1933,07.28.19 02:01:28 PM,30.255
1934,07.28.19 02:16:28 PM,31.166
1935,07.28.19 02:31:28 PM,31.88
1936,07.28.19 02:46:28 PM,32.291
1937,07.28.19 03:01:28 PM,33.639
1938,07.28.19 03:16:28 PM,33.953
1939,07.28.19 03:31:28 PM,34.903
1940,07.28.19 03:46:28 PM,35.222
1941,07.28.19 04:01:28 PM,33.535
1942,07.28.19 04:16:28 PM,28.06
1943,07.28.19 04:31:28 PM,29.752
1944,07.28.19 04:46:28 PM,29.152
1945,07.28.19 05:01:28 PM,29.352
1946,07.28.19 05:16:28 PM,29.652
1947,07.28.19 05:31:28 PM,25.708
1948,07.28.19 05:46:28 PM,24.931
1949,07.28.19 06:01:28 PM,24.255
1950,07.28.19 06:16:28 PM,23.484
1951,07.28.19 06:31:28 PM,23.004
1952,07.28.19 06:46:28 PM,23.004
1953,07.28.19 07:01:28 PM,22.621
1954,07.28.19 07:16:28 PM,22.333
1955,07.28.19 07:31:28 PM,22.238
1956,07.28.19 07:46:28 PM,22.046
1957,07.28.19 08:01:28 PM,21.76
1958,07.28.19 08:16:28 PM,21.473
1959,07.28.19 08:31:28 PM,21.664
1960,07.28.19 08:46:28 PM,21.378
1961,07.28.19 09:01:28 PM,21.378
1962,07.28.19 09:16:28 PM,21.282
1963,07.28.19 09:31:28 PM,21.187
1964,07.28.19 09:46:28 PM,20.996
1965,07.28.19 10:01:28 PM,20.996
1966,07.28.19 10:16:28 PM,20.996
1967,07.28.19 10:31:28 PM,20.805
1968,07.28.19 10:46:28 PM,20.805
1969,07.28.19 11:01:28 PM,20.71
1970,07.28.19 11:16:28 PM,20.615
1971,07.28.19 11:31:28 PM,20.71
1972,07.28.19 11:46:28 PM,20.901
1973,07.29.19 12:01:28 AM,20.901
1974,07.29.19 12:16:28 AM,20.805
1975,07.29.19 12:31:28 AM,20.901
1976,07.29.19 12:46:28 AM,20.996
1977,07.29.19 01:01:28 AM,20.901
1978,07.29.19 01:16:28 AM,20.901
1979,07.29.19 01:31:28 AM,20.805
1980,07.29.19 01:46:28 AM,20.901
1981,07.29.19 02:01:28 AM,20.71
1982,07.29.19 02:16:28 AM,20.805
1983,07.29.19 02:31:28 AM,20.805
1984,07.29.19 02:46:28 AM,20.805
1985,07.29.19 03:01:28 AM,20.805
1986,07.29.19 03:16:28 AM,20.805
1987,07.29.19 03:31:28 AM,20.71
1988,07.29.19 03:46:28 AM,20.615
1989,07.29.19 04:01:28 AM,20.519
1990,07.29.19 04:16:28 AM,20.329
1991,07.29.19 04:31:28 AM,20.138
1992,07.29.19 04:46:28 AM,20.043
1993,07.29.19 05:01:28 AM,19.948
1994,07.29.19 05:16:28 AM,19.758
1995,07.29.19 05:31:28 AM,19.377
1996,07.29.19 05:46:28 AM,19.187
1997,07.29.19 06:01:28 AM,18.996
1998,07.29.19 06:16:28 AM,18.806
1999,07.29.19 06:31:28 AM,18.806
2000,07.29.19 06:46:28 AM,18.901
2001,07.29.19 07:01:28 AM,20.043
2002,07.29.19 07:16:28 AM,20.805
2003,07.29.19 07:31:28 AM,21.76
2004,07.29.19 07:46:28 AM,22.046
2005,07.29.19 08:01:28 AM,21.76
2006,07.29.19 08:16:28 AM,22.142
2007,07.29.19 08:31:28 AM,23.004
2008,07.29.19 08:46:28 AM,23.196
2009,07.29.19 09:01:28 AM,25.805
2010,07.29.19 09:16:28 AM,27.567
2011,07.29.19 09:31:28 AM,27.468
2012,07.29.19 09:46:28 AM,29.853
2013,07.29.19 10:01:28 AM,27.862
2014,07.29.19 10:16:28 AM,31.37
2015,07.29.19 10:31:28 AM,30.76
2016,07.29.19 10:46:28 AM,31.37
2017,07.29.19 11:01:28 AM,32.6
2018,07.29.19 11:16:28 AM,31.88
2019,07.29.19 11:31:28 AM,30.356
2020,07.29.19 11:46:28 AM,29.252
2021,07.29.19 12:01:28 PM,29.452
2022,07.29.19 12:16:28 PM,29.752
2023,07.29.19 12:31:28 PM,30.659
2024,07.29.19 12:46:28 PM,31.472
2025,07.29.19 01:01:28 PM,32.911
2026,07.29.19 01:16:28 PM,33.118
2027,07.29.19 01:31:28 PM,33.953
2028,07.29.19 01:46:28 PM,35.115
2029,07.29.19 02:01:28 PM,35.009
2030,07.29.19 02:16:28 PM,33.326
2031,07.29.19 02:31:28 PM,33.014
2032,07.29.19 02:46:28 PM,32.911
2033,07.29.19 03:01:28 PM,34.691
2034,07.29.19 03:16:28 PM,31.676
2035,07.29.19 03:31:28 PM,29.552
2036,07.29.19 03:46:28 PM,29.752
2037,07.29.19 04:01:28 PM,31.37
2038,07.29.19 04:16:28 PM,33.848
2039,07.29.19 04:31:28 PM,31.37
2040,07.29.19 04:46:28 PM,32.807
2041,07.29.19 05:01:28 PM,30.054
2042,07.29.19 05:16:28 PM,32.394
2043,07.29.19 05:31:28 PM,32.911
2044,07.29.19 05:46:28 PM,32.394
2045,07.29.19 06:01:28 PM,32.6
2046,07.29.19 06:16:28 PM,32.086
2047,07.29.19 06:31:28 PM,30.255
2048,07.29.19 06:46:28 PM,30.76
2049,07.29.19 07:01:28 PM,30.659
2050,07.29.19 07:16:28 PM,27.665
2051,07.29.19 07:31:28 PM,26.097
2052,07.29.19 07:46:28 PM,25.513
2053,07.29.19 08:01:28 PM,25.125
2054,07.29.19 08:16:28 PM,24.931
2055,07.29.19 08:31:28 PM,24.641
2056,07.29.19 08:46:28 PM,24.351
2057,07.29.19 09:01:28 PM,24.062
2058,07.29.19 09:16:28 PM,23.677
2059,07.29.19 09:31:28 PM,23.388
2060,07.29.19 09:46:28 PM,22.908
2061,07.29.19 10:01:28 PM,22.525
2062,07.29.19 10:16:28 PM,22.238
2063,07.29.19 10:31:28 PM,22.046
2064,07.29.19 10:46:28 PM,21.855
2065,07.29.19 11:01:28 PM,21.569
2066,07.29.19 11:16:28 PM,21.282
2067,07.29.19 11:31:28 PM,21.378
2068,07.29.19 11:46:28 PM,21.187
2069,07.30.19 12:01:28 AM,20.996
2070,07.30.19 12:16:28 AM,20.901
2071,07.30.19 12:31:28 AM,20.805
2072,07.30.19 12:46:28 AM,20.615
2073,07.30.19 01:01:28 AM,20.519
2074,07.30.19 01:16:28 AM,20.424
2075,07.30.19 01:31:28 AM,20.329
2076,07.30.19 01:46:28 AM,20.234
2077,07.30.19 02:01:28 AM,20.329
2078,07.30.19 02:16:28 AM,20.329
2079,07.30.19 02:31:28 AM,20.329
2080,07.30.19 02:46:28 AM,20.329
2081,07.30.19 03:01:28 AM,20.234
2082,07.30.19 03:16:28 AM,20.234
2083,07.30.19 03:31:28 AM,20.329
2084,07.30.19 03:46:28 AM,20.234
2085,07.30.19 04:01:28 AM,20.138
2086,07.30.19 04:16:28 AM,20.043
2087,07.30.19 04:31:28 AM,20.138
2088,07.30.19 04:46:28 AM,20.138
2089,07.30.19 05:01:28 AM,20.234
2090,07.30.19 05:16:28 AM,20.138
2091,07.30.19 05:31:28 AM,20.138
2092,07.30.19 05:46:28 AM,20.234
2093,07.30.19 06:01:28 AM,20.234
2094,07.30.19 06:16:28 AM,20.329
2095,07.30.19 06:31:28 AM,20.424
2096,07.30.19 06:46:28 AM,20.71
2097,07.30.19 07:01:28 AM,20.71
2098,07.30.19 07:16:28 AM,21.091
2099,07.30.19 07:31:28 AM,21.473
2100,07.30.19 07:46:28 AM,21.951
2101,07.30.19 08:01:28 AM,22.238
2102,07.30.19 08:16:28 AM,22.812
2103,07.30.19 08:31:28 AM,23.677
2104,07.30.19 08:46:28 AM,24.062
2105,07.30.19 09:01:28 AM,24.545
2106,07.30.19 09:16:28 AM,25.902
2107,07.30.19 09:31:28 AM,24.738
2108,07.30.19 09:46:28 AM,30.659
2109,07.30.19 10:01:28 AM,28.655
2110,07.30.19 10:16:28 AM,28.555
2111,07.30.19 10:31:28 AM,28.953
2112,07.30.19 10:46:28 AM,29.352
2113,07.30.19 11:01:28 AM,29.652
2114,07.30.19 11:16:28 AM,30.054
2115,07.30.19 11:31:28 AM,45.452
2116,07.30.19 11:46:28 AM,36.946
2117,07.30.19 12:01:28 PM,30.76
2118,07.30.19 12:16:28 PM,30.154
2119,07.30.19 12:31:28 PM,30.054
2120,07.30.19 12:46:28 PM,30.558
2121,07.30.19 01:01:28 PM,32.6
2122,07.30.19 01:01:48 PM,
2123,07.30.19 01:01:49 PM,
2124,07.30.19 01:01:56 PM,
